–∫–æ—Ä–ø—É—Å,—ç—Ç–∞–∂, –ö–∞—Ç–µ–≥–æ—Ä–∏—è,–õ–æ–∫–∞—Ü–∏—è,–ù–∞–∑–≤–∞–Ω–∏–µ,–ï—Å—Ç—å –≤ –º–∞–∫–µ—Ç–∞—Ö?,–û–ø–∏—Å–∞–Ω–∏–µ, –î–æ–ø–æ–ª–Ω–∏—Ç–µ–ª—å–Ω—ã–π –∫–æ–º–º–µ–Ω—Ç–∞—Ä–∏–π ,–ö–æ–Ω—Ç–∞–∫—Ç—ã,–°—Å—ã–ª–∫–∞,–í—Ä–µ–º—è —Ä–∞–±–æ—Ç—ã (–≥–¥–µ –Ω—É–∂–Ω–æ),–§–æ—Ç–æ,–î–û–ü –∫–æ–º–º–µ–Ω—Ç 
–ê–ª—å—Ñ–∞,1,–ë–µ–∑ –∫–∞—Ç–µ–≥–æ—Ä–∏–∏ ,,–í—Ö–æ–¥–Ω–∞—è –≥—Ä—É–ø–ø–∞ ,–î–∞,–∑–æ–Ω–∞ –æ–∂–∏–¥–∞–Ω–∏—è https://andreymashkin.ru/disk/share/Y76a8zsnZ8qv6,–∑–æ–Ω–∞ –æ–∂–∏–¥–∞–Ω–∏—è https://andreymashkin.ru/disk/share/Y76a8zsnZ8qv6,,,,https://andreymashkin.ru/disk/share/7KAD3WueOqq86,
–ê–ª—å—Ñ–∞,1,–°–µ—Ä–≤–∏—Å ,108,–û—Ç–¥–µ–ª –ø–∏—Å–µ–º ,–î–∞,"–ü—Ä–∏—ë–º –∏ –≤—ã–¥–∞—á–∞ –∫–æ—Ä—Ä–µ—Å–ø–æ–Ω–¥–µ–Ω—Ü–∏–∏

–î–æ–ø–æ–ª–Ω–∏—Ç–µ–ª–Ω—å–æ–≥ —Å–º–æ—Ç—Ä–∏ –∏–Ω—Ñ–æ—Ä–º–∞—Ü–∏—é –ø—Ä–æ –ü–æ—á—Ç–æ–≤—ã–µ –æ—Ç–ø—Ä–∞–≤–ª–µ–Ω–∏—è –∏ –∫—É—Ä—å–µ—Ä—Å–∫—É—é –¥–æ—Å—Ç–∞–≤–∫—É (https://jive.croc.ru/community/knowledge/everyday/social/pochtovye-otpravleniya-i-kurerskaya-dostavka)",,"—Ç–µ–ª. #4940
Otdel_pisem@croc.ru",https://jive.croc.ru/community/knowledge/everyday/social/sekretariat#post,–ì—Ä–∞—Ñ–∏–∫ —Ä–∞–±–æ—Ç—ã: –ø–æ–Ω–µ–¥–µ–ª—å–Ω–∏–∫ –ø—è—Ç–Ω–∏—Ü–∞ —Å 9:00 –¥–æ 23:00,"–ö–∞—Ä—Ç–∏–Ω–∫–∞ —Å –∑–µ–ª–µ–Ω—ã–º –∫—Ä–æ–∫–æ–≤—Å–∫–∏–º  –∫–æ–Ω–≤–µ—Ä—Ç–∏–∫–æ–º, –Ω–∞–ø—Ä–∏–º–µ—Ä, —Ñ–æ—Ç–æ –Ω–µ –¥–µ–ª–∞–µ–º ",
–ê–ª—å—Ñ–∞,1,–ü–∏—Ç–∞–Ω–∏–µ ,,–ö–†–û–ö –∫–æ—Ñ–µ ,–î–∞,"–¢–æ—á–∫–∞ –ø–æ–¥–∑–∞—Ä—è–¥–∫–∏ –≤–∫—É—Å–Ω—ã–º –∫–æ—Ñ–µ
",,,,–ì—Ä–∞—Ñ–∏–∫ —Ä–∞–±–æ—Ç—ã: –ø–æ–Ω–µ–¥–µ–ª—å–Ω–∏–∫ –ø—è—Ç–Ω–∏—Ü–∞ —Å 9:00 –¥–æ 20:00,https://andreymashkin.ru/disk/share/eeVndbCkDv3zb,
–ê–ª—å—Ñ–∞,1,–ü–∏—Ç–∞–Ω–∏–µ ,,–í–µ–Ω–¥–∏–Ω–≥ + –±–∞–Ω–∫–æ–º–∞—Ç –°–±–µ—Ä–±–∞–Ω–∫–∞ ,–î–∞,"–ë—ã—Å—Ç—Ä—ã–π –ø–µ—Ä–µ–∫—É—Å –∏–ª–∏ –ø–æ–ª–Ω–æ—Ü–µ–Ω–Ω—ã–π –æ–±–µ–¥ –≤ ¬´—à–∞–≥–æ–≤–æ–π¬ª –¥–æ—Å—Ç—É–ø–Ω–æ—Å—Ç–∏.
1 —ç—Ç–∞–∂ –ê–ª—å—Ñ–∞ –∏ –ë–µ—Ç–∞ - –º–∏–∫—Ä–æ–º–∞—Ä–∫–µ—Ç –í–∫—É—Å–í–∏–ª–ª;
 5, 6, 7, 8, 9, 10 —ç—Ç–∞–∂–∏ –ê–ª—å—Ñ–∞ ‚Äì –≤—ç–Ω–¥–∏–Ω–≥ —Å–æ —Å–Ω—ç–∫–∞–º–∏.

–ë–∞–Ω–∫–æ–º–∞—Ç: –°–±–µ—Ä–±–∞–Ω–∫, —Ä–∞–±–æ—Ç–∞–µ—Ç –Ω–∞ –≤–Ω–µ—Å–µ–Ω–∏–µ –∏ —Å–Ω—è—Ç–∏–µ –Ω–∞–ª–∏—á–Ω—ã—Ö –¥–µ–Ω–µ–∂–Ω—ã—Ö —Å—Ä–µ–¥—Å—Ç–≤ ",,"–î–ª—è –≤–µ–Ω–¥–∏–Ω–≥–∞ –û–° - foodfeedback@croc.ru
",,–ö—Ä—É–≥–ª–æ—Å—É—Ç–æ—á–Ω–æ,"https://yandex.ru/images/search?from=tabbar&img_url=https%3A%2F%2Fwww.niasam.ru%2F221783_i_gallerybig.jpg&lr=213&pos=1&rpt=simage&text=%D0%BA%D0%B0%D1%80%D1%82%D0%B8%D0%BD%D0%BA%D0%B0%20%D0%B1%D0%B0%D0%BD%D0%BA%D0%BE%D0%BC%D0%B0%D1%82%D0%B0%20
https://yandex.ru/images/search?from=tabbar&img_url=https%3A%2F%2Fimg.freepik.com%2Fpremium-vector%2Fvending-machine-snack-drink_6427-85.jpg%3Fw%3D2000&lr=213&pos=0&rpt=simage&text=%D0%BA%D0%B0%D1%80%D1%82%D0%B8%D0%BD%D0%BA%D0%B0%20%D0%B2%D0%B5%D0%BD%D0%B4%D0%B8%D0%BD%D0%B3%D0%B0",
–ê–ª—å—Ñ–∞,1,–°–µ—Ä–≤–∏—Å ,,–ì–∞—Ä–¥–µ—Ä–æ–±,–î–∞,"–ì–∞—Ä–¥–µ—Ä–æ–± –ø—Ä–µ–¥–Ω–∞–∑–Ω–∞—á–µ–Ω –¥–ª—è —Ö—Ä–∞–Ω–µ–Ω–∏—è –≤–µ—Ä—Ö–Ω–µ–π –æ–¥–µ–∂–¥—ã, –∞ —Ç–∞–∫–∂–µ –æ–±—É–≤–∏ –≤ –ø–∞–∫–µ—Ç–∞—Ö.
–í –≥–∞—Ä–¥–µ—Ä–æ–±–µ –∞–ª—å—Ñ–∞ —Ä–∞—Å–ø–æ–ª–æ–∂–µ–Ω—ã –õ–æ–∫–µ—Ä—ã, –∫–æ—Ç–æ—Ä—ã–µ –ø—Ä–µ–¥–Ω–∞–∑–Ω–∞—á–µ–Ω—ã –¥–ª—è —Ö—Ä–∞–Ω–µ–Ω–∏—è –ø–∞–∫–µ—Ç–æ–≤, –∑–æ–Ω—Ç–æ–≤ –∏ –¥—Ä—É–≥–∏—Ö –ª–∏—á–Ω—ã—Ö –≤–µ—â–µ–π –Ω–µ–±–æ–ª—å—à–æ–≥–æ —Ä–∞–∑–º–µ—Ä–∞.

–î–ª—è —É–¥–æ–±—Å—Ç–≤–∞ –≤—Å–µ —è—á–µ–π–∫–∏ –ø—Ä–æ–Ω—É–º–µ—Ä–æ–≤–∞–Ω—ã.",,"–ê–ª—å—Ñ–∞ - VOnufreichik@croc.ru
–ë–µ—Ç–∞ - AntKalinin@croc.ru","–ò–Ω—Ñ–æ—Ä–º–∞—Ü–∏–æ–Ω–Ω–æ: 
–î–ª—è –ø–æ–¥–¥–µ—Ä–∂–∞–Ω–∏—è —á–∏—Å—Ç–æ—Ç—ã –∏ –∫–æ–º—Ñ–æ—Ä—Ç–Ω–æ—Å—Ç–∏ –∏—Å–ø–æ–ª—å–∑–æ–≤–∞–Ω–∏—è –ø—Ä–æ—Å–∏–º –Ω–µ –æ—Å—Ç–∞–≤–ª—è—Ç—å –≤ —è—á–µ–π–∫–∞—Ö –µ–¥—É –∏ –Ω–∞–ø–∏—Ç–∫–∏.

–•—Ä–∞–Ω–µ–Ω–∏–µ –ª–∏—á–Ω—ã—Ö –≤–µ—â–µ–π –ø—Ä–µ–¥–ø–æ–ª–∞–≥–∞–µ—Ç—Å—è —Ç–æ–ª—å–∫–æ –≤ —Ç–µ—á–µ–Ω–∏–µ –æ–¥–Ω–æ–≥–æ —Ä–∞–±–æ—á–µ–≥–æ –¥–Ω—è, –∑–∞–ø–∏—Ä–∞—Ç—å –ª–æ–∫–µ—Ä –Ω–∞ –±–æ–ª–µ–µ –¥–ª–∏—Ç–µ–ª—å–Ω—ã–π –ø–µ—Ä–∏–æ–¥ –∏ —É–Ω–æ—Å–∏—Ç—å –∫–ª—é—á –¥–æ–º–æ–π –∑–∞–ø—Ä–µ—â–µ–Ω–æ.",–ö—Ä—É–≥–ª–æ—Å—É—Ç–æ—á–Ω–æ,https://andreymashkin.ru/disk/share/XRYPVXsx76v3P,
–ê–ª—å—Ñ–∞,1,–°–µ—Ä–≤–∏—Å ,,–õ–∏—Ñ—Ç—ã,–î–∞,"–ü—Ä–∏ –∑–∞—Å—Ç—Ä–µ–≤–∞–Ω–∏–∏ –≤ –ª–∏—Ñ—Ç–µ —Å–æ–±–ª—é–¥–∞–π—Ç–µ —Å–ø–æ–∫–æ–π—Å—Ç–≤–∏–µ –∏ –¥–µ–π—Å—Ç–≤—É–π—Ç–µ —Å–æ–≥–ª–∞—Å–Ω–æ –∏–Ω—Å—Ç—Ä—É–∫—Ü–∏–∏, —Ä–∞—Å–ø–æ–ª–æ–∂–µ–Ω–Ω–æ–π –Ω–∞ –ø–∞–Ω–µ–ª–∏ —É–ø—Ä–∞–≤–ª–µ–Ω–∏—è –≤ –∫–∞–∂–¥–æ–º –ª–∏—Ñ—Ç–µ.

–ü—Ä–∏ –Ω–µ–∏—Å–ø—Ä–∞–≤–Ω–æ—Å—Ç–∏ –ª–∏—Ñ—Ç–∞ —Å–ª–µ–¥—É–µ—Ç:
–Ω–∞–∂–∞—Ç—å –∫–æ–ª–æ–∫–æ–ª—å—á–∏–∫ –∏ –æ–ø–∏—Å–∞—Ç—å
—Å–∏—Ç—É–∞—Ü–∏—é –¥–∏—Å–ø–µ—Ç—á–µ—Ä—É
–õ–ò–ë–û
–ø–æ–∑–≤–æ–Ω–∏—Ç—å 8 (495) 974-22-74
–¥–æ–± 83-02, 83-03, –∫—Ä—É–≥–ª–æ—Å—É—Ç–æ—á–Ω–æ
–õ–ò–ë–û
–ø–æ–∑–≤–æ–Ω–∏—Ç—å –¥–µ–∂—É—Ä–Ω–æ–º—É –ª–∏—Ñ—Ç–µ—Ä—É
–û–û–û ¬´–õ–∏—Ñ—Ç–ö–æ–º–ø–ª–µ–∫—Å¬ª 8 (495) 974-22-74
–¥–æ–± 83-01.",,FieldService@croc.ru,,–ö—Ä—É–≥–ª–æ—Å—É—Ç–æ—á–Ω–æ ,https://andreymashkin.ru/disk/share/y0rVxlSZKk8Xo," (–ø–æ–¥—Å–≤–µ—Ç–∏—Ç—å —Ç–æ–ª—å–∫–æ 1 —ç—Ç–∞–∂ –∫–æ–æ–ø—É—Å–∞ 1 –∏ 3 , –¥–ª—è –∏–Ω—Ñ–æ—Ä–º–∞—Ü–∏–∏) "
–ê–ª—å—Ñ–∞,1,–≠–∫–æ-–∏–Ω–∏—Ü–∏–∞—Ç–∏–≤—ã,,Charity Shop,–î–∞,"–ü—É–Ω–∫—Ç —Å–±–æ—Ä–∞ –Ω–µ–Ω—É–∂–Ω–æ–π –æ–¥–µ–∂–¥—ã –¥–ª—è –ø–µ—Ä–µ—Ä–∞–±–æ—Ç–∫–∏ –∏ –≤—Ç–æ—Ä–∏—á–Ω–æ–≥–æ –∏—Å–ø–æ–ª—å–∑–æ–≤–∞–Ω–∏—è




",,WorkCare@croc.ru,https://jive.croc.ru/photos/4216,,,
–ê–ª—å—Ñ–∞,1,–≠–∫–æ-–∏–Ω–∏—Ü–∏–∞—Ç–∏–≤—ã,,"EcoPoint






",–î–∞,"–¢–æ—á–∫–∞ —Å–±–æ—Ä–∞ —Ç—Ä—É–¥–Ω–æ–ø–µ—Ä–µ—Ä–∞–±–∞—Ç—ã–≤–∞–µ–º—ã—Ö –æ—Ç—Ö–æ–¥–æ–≤
–°–æ–±–∏—Ä–∞–µ–º: —Ä—É—á–∫–∏ –∏ —Ñ–ª–æ–º–∞—Å—Ç–µ—Ä—ã, –±–ª–∏—Å—Ç–µ—Ä—ã –æ—Ç —Ç–∞–±–ª–µ—Ç–æ–∫, –ø–æ—Å—Ç–µ–ª—å–Ω–æ–µ –±–µ–ª—å—ë (–ø–æ–∑–∂–µ –∑–∞–º–µ–Ω–∏–º –Ω–∞ –ø–ª–∞—Å—Ç–∏–∫–æ–≤—ã–µ –∫–∞—Ä—Ç—ã / LEGO), –∑—É–±–Ω—ã–µ —â—ë—Ç–∫–∏.

–ë–æ–ª—å—à–µ –∏–Ω—Ñ–æ—Ä–º–∞—Ü–∏–∏: https://jive.croc.ru/docs/DOC-239136",,WorkCare@croc.ru,,,,
–ê–ª—å—Ñ–∞,1,–≠–∫–æ-–∏–Ω–∏—Ü–∏–∞—Ç–∏–≤—ã,,–£—Ç–∏–ª–∏–∑–∞—Ü–∏—è –±–∞—Ç–∞—Ä–µ–µ–∫ ,–î–∞,"–¢–æ—á–∫–∞ —É—Ç–∏–ª–∏–∑–∞—Ü–∏–∏ –±–∞—Ç–∞—Ä–µ–µ–∫

–ë–æ–ª—å—à–µ –∏–Ω—Ñ–æ—Ä–º–∞—Ü–∏–∏: https://jive.croc.ru/docs/DOC-239136",,WorkCare@croc.ru,,,https://chistogradplyus.ru/products/343841621-urna_dlya_sbora_batareyek?utm_referrer=https%3A%2F%2Fyandex.ru%2Fimages%2Fsearch%3Fcbir_id%3D1871052%252FIS3-FCNbh6lhUdyxaCCkDA5906%26rpt%3Dimageview%26url%3Dhttps%253A%252F%252Favatars.mds.yandex.net%252Fget-images-cbir%252F1871052%252FIS3-FCNbh6lhUdyxaCCkDA5906%252Forig%26cbir_page%3Dsearch-by-image,
–ê–ª—å—Ñ–∞,1,–≠–∫–æ-–∏–Ω–∏—Ü–∏–∞—Ç–∏–≤—ã,,"–£—Ç–∏–ª–∏–∑–∞—Ü–∏—è –±—É–º–∞–≥–∏

",??,"–¢–æ—á–∫–∞ —Å–±–æ—Ä–∞ –±—É–º–∞–≥–∏
–º–æ–∂–Ω–æ –ø–æ—Å—Ç–∞–≤–∏—Ç—å —É –ª–∏—Ñ—Ç–æ–≤–æ–≥–æ —Ö–æ–ª–ª–∞ –æ–¥–Ω–æ—Ç–∏–ø–Ω–æ –¥–ª—è –≤—Å–µ—Ö –ª–æ–∫–∞—Ü–∏–π ","–ê–ª—å—Ñ–∞
3, 4, 5, 10, 11 —ç—Ç–∞–∂–∏ ‚Äì —à—Ä–µ–¥–µ—Ä 
9 —ç—Ç–∞–∂  ‚Äì –∫–æ–Ω—Ç–µ–π–Ω–µ—Ä –¥–ª—è –±—É–º–∞–≥–∏
1, 2, 6, 7, 8 —ç—Ç–∞–∂–∏ ‚Äì –Ω–∏—á–µ–≥–æ –Ω–µ—Ç 

–ë–µ—Ç–∞
3, 4, 9 —ç—Ç–∞–∂–∏ ‚Äì –∫–æ–Ω—Ç–µ–π–Ω–µ—Ä—ã –¥–ª—è –±—É–º–∞–≥–∏
7, 11 —ç—Ç–∞–∂–∏ ‚Äì —à—Ä–µ–¥–µ—Ä 
1, 2, 5, 6, 8, 10 —ç—Ç–∞–∂–∏  ‚Äì –Ω–∏—á–µ–≥–æ –Ω–µ—Ç",WorkCare@croc.ru,https://jive.croc.ru/photos/4205,,,"—Å–¥–µ–ª–∞—Ç—å —Ç–∏–ø–æ–≤—É—é —Ç–æ—á–∫—É –Ω–∞ –∫–∞–∂–¥–æ–º —ç—Ç–∞–∂–µ , –ø—Ä–∏–º–µ—Ä –≤–æ –≤–ª–æ–∂–µ–Ω–∏–∏, –≥–¥–µ —à—Ä–µ–¥–µ—Ä –Ω–∞–ø–∏—Å–∞—Ç—å —à—Ä–µ–¥–µ—Ä "
–ê–ª—å—Ñ–∞,1,–°–µ—Ä–≤–∏—Å ,,–°—Ç–∞–Ω—Ü–∏—è –º–æ–Ω–∏—Ç–æ—Ä–∏–Ω–≥–∞ –≤–æ–∑–¥—É—Ö–∞ AirVisual,–ù–µ—Ç,"–í –Ω–∞—à–µ–º –æ—Ñ–∏—Å–µ —É—Å—Ç–∞–Ω–æ–≤–ª–µ–Ω—ã –ø—Ä–∏–±–æ—Ä—ã –ø–æ –∞–Ω–∞–ª–∏–∑—É –∫–∞—á–µ—Å—Ç–≤–∞ –≤–æ–∑–¥—É—Ö–∞ –≤ –æ—Ñ–∏—Å–µ. –û–Ω–∏ –ø–æ–∑–≤–æ–ª—è—é—Ç –Ω–∞–º –∫–æ–Ω—Ç—Ä–æ–ª–∏—Ä–æ–≤–∞—Ç—å —Å–æ—Å—Ç–æ—è–Ω–∏–µ –≤–æ–∑–¥—É—Ö–∞ –≤ –ø–æ–º–µ—â–µ–Ω–∏—è—Ö, —Å—Ä–∞–≤–Ω–∏–≤–∞—Ç—å –µ–≥–æ —Å –ø–∞—Ä–∞–º–µ—Ç—Ä–∞–º–∏ –≤–æ–∑–¥—É—Ö–∞ –Ω–∞ —É–ª–∏—Ü–µ –∏ –æ–ø–µ—Ä–∞—Ç–∏–≤–Ω–æ –ø—Ä–∏–Ω–∏–º–∞—Ç—å –º–µ—Ä—ã –ø—Ä–∏ –Ω–∞–ª–∏—á–∏–∏ –æ—Ç–∫–ª–æ–Ω–µ–Ω–∏–π, —á—Ç–æ–±—ã —Å–¥–µ–ª–∞—Ç—å –≤–∞—à–µ –ø—Ä–µ–±—ã–≤–∞–Ω–∏–µ –≤ –æ—Ñ–∏—Å–µ –µ—â–µ –±–æ–ª–µ–µ –∫–æ–º—Ñ–æ—Ä—Ç–Ω—ã–º

–ë–æ–ª—å—à–µ –∏–Ω—Ñ–æ—Ä–º–∞—Ü–∏–∏: https://jive.croc.ru/docs/DOC-239136",,FieldService@croc.ru,https://jive.croc.ru/docs/DOC-287102,,–ø—Ä–æ—Å—Ç–æ –ø–æ—Å—Ç–∞–≤–∏—Ç—å —Ç–∏–æ—á–∫—É –Ω–∞ 1 —ç—Ç–∞–∂–µ —Å –∏–Ω—Ñ–æ—Ä–º–∞—Ü–∏–µ–π ,
–ê–ª—å—Ñ–∞,2,–ü–µ—Ä–µ–≥–æ–≤–æ—Ä–Ω—ã–µ ,212,–ö–æ–Ω—Ñ–µ—Ä–µ–Ω—Ü-–∑–∞–ª + —Ö–æ–ª–ª –ø–µ—Ä–µ–¥ –Ω–∏–º ,–î–∞,"–ë—Ä–æ–Ω–∏—Ä—É–π —á–µ—Ä–µ–∑ –∫–∞–ª–µ–Ω–¥–∞—Ä—å –≤ Outlook
–∏–ª–∏ –≤ @CrocLiveBot

",–í–º–µ—Å—Ç–∏–º–æ—Å—Ç—å –¥–æ 100 —á–µ–ª ,"–í–æ –≤–æ–ø—Ä–æ—Å–∞–º –æ–±–æ—Ä—É–¥–æ–≤–∞–Ω–∏—è: HelpDesk@croc.ru

–ü–æ –≤–æ–ø—Ä–æ—Å–∞–º –æ—Ä–≥–∞–Ω–∏–∑–∞—Ü–∏–∏ –≤—Å—Ç—Ä–µ—á –∏ –∫–∞–Ω—Ü–µ–ª—è—Ä–∏–∏ : Receptions_Group@croc.ru",,,"https://andreymashkin.ru/disk/share/ozWe94uAZMd9k
https://andreymashkin.ru/disk/share/6MZG26hp9mPvX
https://andreymashkin.ru/disk/share/zoqVAmHJ71gkb
–ø—Ä–∏–∫—Ä–µ–ø–∏–ª–∞ –¥–æ–ø–æ–ª–Ω–∏—Ç–µ–ª—å–Ω–æ —Ñ–æ—Ç–æ 
",
–ê–ª—å—Ñ–∞,2,–ü–µ—Ä–µ–≥–æ–≤–æ—Ä–Ω—ã–µ ,214,–ö–æ–Ω—Ñ–µ—Ä–µ–Ω—Ü-–∑–∞–ª  ,–î–∞,"–ë—Ä–æ–Ω–∏—Ä—É–π —á–µ—Ä–µ–∑ –∫–∞–ª–µ–Ω–¥–∞—Ä—å –≤ Outlook
–∏–ª–∏ –≤ @CrocLiveBot

",–í–º–µ—Å—Ç–∏–º–æ—Å—Ç—å –¥–æ 30 —á–µ–ª ,"–í–æ –≤–æ–ø—Ä–æ—Å–∞–º –æ–±–æ—Ä—É–¥–æ–≤–∞–Ω–∏—è: HelpDesk@croc.ru

–ü–æ –≤–æ–ø—Ä–æ—Å–∞–º –æ—Ä–≥–∞–Ω–∏–∑–∞—Ü–∏–∏ –≤—Å—Ç—Ä–µ—á –∏ –∫–∞–Ω—Ü–µ–ª—è—Ä–∏–∏ : Receptions_Group@croc.ru",,,https://andreymashkin.ru/disk/share/gWGdybS0yPd3q,
–ê–ª—å—Ñ–∞,2,–ü–µ—Ä–µ–≥–æ–≤–æ—Ä–Ω—ã–µ ,204,–ü–µ—Ä–µ–≥–æ–≤–æ—Ä–Ω–∞—è 204,–î–∞,"–í–ö–°
–ë—Ä–æ–Ω–∏—Ä—É–π —á–µ—Ä–µ–∑ –∫–∞–ª–µ–Ω–¥–∞—Ä—å –≤ Outlook
–∏–ª–∏ –≤ @CrocLiveBot.",–í–º–µ—Å—Ç–∏–º–æ—Å—Ç—å 6 —á–µ–ª,"–í–æ –≤–æ–ø—Ä–æ—Å–∞–º –æ–±–æ—Ä—É–¥–æ–≤–∞–Ω–∏—è: HelpDesk@croc.ru

–ü–æ –≤–æ–ø—Ä–æ—Å–∞–º –æ—Ä–≥–∞–Ω–∏–∑–∞—Ü–∏–∏ –≤—Å—Ç—Ä–µ—á –∏ –∫–∞–Ω—Ü–µ–ª—è—Ä–∏–∏ : Receptions_Group@croc.ru",,,,
–ê–ª—å—Ñ–∞,2,–ü–µ—Ä–µ–≥–æ–≤–æ—Ä–Ω—ã–µ ,206,–ü–µ—Ä–µ–≥–æ–≤–æ—Ä–Ω–∞—è 206,–î–∞,"–í–ö–°
–ë—Ä–æ–Ω–∏—Ä—É–π —á–µ—Ä–µ–∑ –∫–∞–ª–µ–Ω–¥–∞—Ä—å –≤ Outlook
–∏–ª–∏ –≤ @CrocLiveBot.",–í–º–µ—Å—Ç–∏–º–æ—Å—Ç—å 8 —á–µ–ª,"–í–æ –≤–æ–ø—Ä–æ—Å–∞–º –æ–±–æ—Ä—É–¥–æ–≤–∞–Ω–∏—è: HelpDesk@croc.ru

–ü–æ –≤–æ–ø—Ä–æ—Å–∞–º –æ—Ä–≥–∞–Ω–∏–∑–∞—Ü–∏–∏ –≤—Å—Ç—Ä–µ—á –∏ –∫–∞–Ω—Ü–µ–ª—è—Ä–∏–∏ : Receptions_Group@croc.ru",,,,
–ê–ª—å—Ñ–∞,2,–ü–µ—Ä–µ–≥–æ–≤–æ—Ä–Ω—ã–µ ,208,–ü–µ—Ä–µ–≥–æ–≤–æ—Ä–Ω–∞—è 208,–î–∞,"–í–°–ö, —Ñ–ª–∏–ø—á–∞—Ä—Ç
–ë—Ä–æ–Ω–∏—Ä—É–π —á–µ—Ä–µ–∑ –∫–∞–ª–µ–Ω–¥–∞—Ä—å –≤ Outlook
–∏–ª–∏ –≤ @CrocLiveBot.",–≤–º–µ—Å—Ç–∏–º–æ—Å—Ç—å 10 —á–µ–ª ,"–í–æ –≤–æ–ø—Ä–æ—Å–∞–º –æ–±–æ—Ä—É–¥–æ–≤–∞–Ω–∏—è: HelpDesk@croc.ru

–ü–æ –≤–æ–ø—Ä–æ—Å–∞–º –æ—Ä–≥–∞–Ω–∏–∑–∞—Ü–∏–∏ –≤—Å—Ç—Ä–µ—á –∏ –∫–∞–Ω—Ü–µ–ª—è—Ä–∏–∏ : Receptions_Group@croc.ru",,,–ø—Ä–∏–ª–æ–∂–∏–ª–∞ –ø–∞–ø–∫—É —Å —Ñ–æ—Ç–æ ,
–ê–ª—å—Ñ–∞,2,–ü–µ—Ä–µ–≥–æ–≤–æ—Ä–Ω—ã–µ ,210,–ü–µ—Ä–µ–≥–æ–≤–æ—Ä–Ω–∞—è 210,–î–∞,"–í–ö–°
–ë—Ä–æ–Ω–∏—Ä—É–π —á–µ—Ä–µ–∑ –∫–∞–ª–µ–Ω–¥–∞—Ä—å –≤ Outlook
–∏–ª–∏ –≤ @CrocLiveBot.",–≤–º–µ—Å—Ç–∏–º–æ—Å—Ç—å 9 —á–µ–ª,"–í–æ –≤–æ–ø—Ä–æ—Å–∞–º –æ–±–æ—Ä—É–¥–æ–≤–∞–Ω–∏—è: HelpDesk@croc.ru

–ü–æ –≤–æ–ø—Ä–æ—Å–∞–º –æ—Ä–≥–∞–Ω–∏–∑–∞—Ü–∏–∏ –≤—Å—Ç—Ä–µ—á –∏ –∫–∞–Ω—Ü–µ–ª—è—Ä–∏–∏ : Receptions_Group@croc.ru",,,,
–ê–ª—å—Ñ–∞,2,–ü–µ—Ä–µ–≥–æ–≤–æ—Ä–Ω—ã–µ ,202,–£—á–µ–±–Ω—ã–π –∫–ª–∞—Å—Å 202,–î–∞,"–ë—Ä–æ–Ω–∏—Ä—É–π —á–µ—Ä–µ–∑ –∫–∞–ª–µ–Ω–¥–∞—Ä—å –≤ Outlook
–∏–ª–∏ –≤ @CrocLiveBot.",–í–º–µ—Å—Ç–∏–º–æ—Å—Ç—å –¥–æ 70 —á–µ–ª ,"–í–æ –≤–æ–ø—Ä–æ—Å–∞–º –æ–±–æ—Ä—É–¥–æ–≤–∞–Ω–∏—è: HelpDesk@croc.ru

–ü–æ –≤–æ–ø—Ä–æ—Å–∞–º –æ—Ä–≥–∞–Ω–∏–∑–∞—Ü–∏–∏ –≤—Å—Ç—Ä–µ—á –∏ –∫–∞–Ω—Ü–µ–ª—è—Ä–∏–∏ : Receptions_Group@croc.ru",,,–ø—Ä–∏–ª–æ–∂–∏–ª–∞ –ø–∞–ø–∫—É —Å —Ñ–æ—Ç–æ ,
–ê–ª—å—Ñ–∞,2,–ü–µ—Ä–µ–≥–æ–≤–æ—Ä–Ω—ã–µ ,2–ë,–ú—É–ª—å—Ç–∏–º–µ–¥–∏–π–Ω—ã–π –∫–ª–∞—Å—Å ,??,"–í–ö–°
–ë—Ä–æ–Ω–∏—Ä—É–π —á–µ—Ä–µ–∑ –∫–∞–ª–µ–Ω–¥–∞—Ä—å –≤ Outlook
",–í–º–µ—Å—Ç–∏–º–æ—Å—Ç—å 7 —á–µ–ª,"–í–æ –≤–æ–ø—Ä–æ—Å–∞–º –æ–±–æ—Ä—É–¥–æ–≤–∞–Ω–∏—è: HelpDesk@croc.ru

–ü–æ –≤–æ–ø—Ä–æ—Å–∞–º –æ—Ä–≥–∞–Ω–∏–∑–∞—Ü–∏–∏ –≤—Å—Ç—Ä–µ—á –∏ –∫–∞–Ω—Ü–µ–ª—è—Ä–∏–∏ : Receptions_Group@croc.ru",,,–ø—Ä–∏–ª–æ–∂–∏–ª–∞ –ø–∞–ø–∫—É —Å —Ñ–æ—Ç–æ ,
–ê–ª—å—Ñ–∞,2,–ü–∏—Ç–∞–Ω–∏–µ ,,–°—Ç–æ–ª–æ–≤–∞—è ,–î–∞,"–°—Ç–æ–ª–æ–≤–∞—è –ø–æ–ª–Ω–æ–≥–æ —Ü–∏–∫–ª–∞ –¥–ª—è –ø–∏—Ç–∞–Ω–∏—è —Å–æ—Ç—Ä—É–¥–Ω–∏–∫–æ–≤ –∏ –≥–æ—Å—Ç–µ–π –ö–†–û–ö
–û—Å–Ω–æ–≤–Ω–æ–π –∑–∞–ª
2 –º—è–≥–∫–∏–µ –∑–æ–Ω—ã ",,foodfeedback@croc.ru,https://jive.croc.ru/community/knowledge/everyday/social/lunch,—Å 8:30 –¥–æ 21:30,"https://andreymashkin.ru/disk/share/kmDWabUzP83Q2
https://andreymashkin.ru/disk/share/G09JoeSx16y3M
https://andreymashkin.ru/disk/share/22gG7MuDggp6G
https://andreymashkin.ru/disk/share/b8AVKqhX9ekd6
https://andreymashkin.ru/disk/share/4KvpGYu59b10O",
–ê–ª—å—Ñ–∞,2,–≠–∫–æ-–∏–Ω–∏—Ü–∏–∞—Ç–∏–≤—ã,,"–£—Ç–∏–ª–∏–∑–∞—Ü–∏—è –ø–ª–∞—Å—Ç–∏–∫–æ–≤—ã—Ö –∫—Ä—ã—à–µ–∫ 







",–î–∞,–¢–æ—á–∫–∞ —Å–±–æ—Ä–∞ –ø–ª–∞—Å—Ç–∏–∫–æ–≤—ã—Ö –∫—Ä—ã—à–µ–∫ –¥–ª—è –¥–∞–ª—å–Ω–µ–π—à–µ–π –ø–µ—Ä–µ—Ä–∞–±–æ—Ç–∫–∏ ,–ë–æ–ª—å—à–µ –∏–Ω—Ñ–æ—Ä–º–∞—Ü–∏–∏: https://jive.croc.ru/docs/DOC-239136,,,,—Å–¥–µ–ª–∞—Ç—å —Ç–∏–ø–æ–≤—É—é –∫–∞—Ä—Ç–∏–Ω–∫—É –∫—Ä—ã—à–∫–∏ –ö–†–û–ö,
–ê–ª—å—Ñ–∞,2,–≠–∫–æ-–∏–Ω–∏—Ü–∏–∞—Ç–∏–≤—ã,,"–£—Ç–∏–ª–∏–∑–∞—Ü–∏—è –±—É–º–∞–≥–∏

",–î–∞,"–¢–æ—á–∫–∞ —Å–±–æ—Ä–∞ –±—É–º–∞–≥–∏
–º–æ–∂–Ω–æ –ø–æ—Å—Ç–∞–≤–∏—Ç—å —É –ª–∏—Ñ—Ç–æ–≤–æ–≥–æ —Ö–æ–ª–ª–∞ –æ–¥–Ω–æ—Ç–∏–ø–Ω–æ –¥–ª—è –≤—Å–µ—Ö –ª–æ–∫–∞—Ü–∏–π ","–ê–ª—å—Ñ–∞
3, 4, 5, 10, 11 —ç—Ç–∞–∂–∏ ‚Äì —à—Ä–µ–¥–µ—Ä 
9 —ç—Ç–∞–∂  ‚Äì –∫–æ–Ω—Ç–µ–π–Ω–µ—Ä –¥–ª—è –±—É–º–∞–≥–∏
1, 2, 6, 7, 8 —ç—Ç–∞–∂–∏ ‚Äì –Ω–∏—á–µ–≥–æ –Ω–µ—Ç 

–ë–µ—Ç–∞
3, 4, 9 —ç—Ç–∞–∂–∏ ‚Äì –∫–æ–Ω—Ç–µ–π–Ω–µ—Ä—ã –¥–ª—è –±—É–º–∞–≥–∏
7, 11 —ç—Ç–∞–∂–∏ ‚Äì —à—Ä–µ–¥–µ—Ä 
1, 2, 5, 6, 8, 10 —ç—Ç–∞–∂–∏  ‚Äì –Ω–∏—á–µ–≥–æ –Ω–µ—Ç",WorkCare@croc.ru,https://jive.croc.ru/photos/4205,,,
–ê–ª—å—Ñ–∞,2,–†–µ–ª–∞–∫—Å ,,–ó–æ–Ω–∞ –¥–ª—è –Ω–∞—Å—Ç–æ–ª–æ–∫ –≤ —Å—Ç–æ–ª–æ–≤–æ–π ,–ù–µ—Ç,"–¢–æ—Ç —Å–∞–º—ã–π —É–≥–æ–ª–æ–∫ –≤ —Å—Ç–æ–ª–æ–≤–æ–π ¬´–ê–ª—å—Ñ–∞¬ª —Ç–µ–ø–µ—Ä—å –∑–æ–Ω–∞ —Ä–µ–ª–∞–∫—Å–∞ –∏ –∏–≥—Ä! 
–ó–¥–µ—Å—å –º–æ–∂–Ω–æ –æ—Ç–¥–æ—Ö–Ω—É—Ç—å –æ—Ç —Ä–∞–±–æ—á–∏—Ö –∑–∞–¥–∞—á, –ø–æ–±–æ–ª—Ç–∞—Ç—å —Å –∫–æ–ª–ª–µ–≥–∞–º–∏ –∏–ª–∏ —Å—Ä–∞–∑–∏—Ç—å—Å—è –≤ –Ω–∞—Å—Ç–æ–ª–∫–∏. 
–¢–µ–±—è –∂–¥–µ—Ç –º–Ω–æ–∂–µ—Å—Ç–≤–æ –∏–≥—Ä, —É–¥–æ–±–Ω—ã–µ –ø—É—Ñ–∏–∫–∏ –∏ —Ä–∞—Å—Å–ª–∞–±–ª–µ–Ω–Ω–∞—è –∞—Ç–º–æ—Å—Ñ–µ—Ä–∞, –≤ –∫–æ—Ç–æ—Ä–æ–π —Ö–æ—á–µ—Ç—Å—è –æ—Å—Ç–∞—Ç—å—Å—è.
–ë—Ä–æ–Ω–∏—Ä—É–π –ø—Ä–æ—Å—Ç—Ä–∞–Ω—Å—Ç–≤–æ —á–µ—Ä–µ–∑ Outlook –¥–ª—è —Å–≤–æ–µ–π –∫–æ–º–ø–∞–Ω–∏–∏ - –∏–º—è –ø—Ä–æ—Å—Ç—Ä–∞–Ω—Å—Ç–≤–∞ *Play Zone*",,,,—Å 8:30 –¥–æ 21:30,"https://andreymashkin.ru/disk/share/02XRVKuegZ6k7
https://andreymashkin.ru/disk/share/AXnVWvs5BW9aV",
–ê–ª—å—Ñ–∞,2,–ü–∏—Ç–∞–Ω–∏–µ ,201,–ë—É—Ñ–µ—Ç ,–î–∞,"–ü—Ä–æ—Å—Ç—Ä–∞–Ω—Å—Ç–≤–æ –¥–ª—è –µ–¥—ã –∏ –≤—Å—Ç—Ä–µ—á —Å –≤—ã—Ö–æ–¥–æ–º –Ω–∞ –ª–µ—Ç–Ω—é—é –≤–µ—Ä–∞–Ω–¥—É.
–ú–æ–∂–Ω–æ –∑–∞–∫–∞–∑–∞—Ç—å –±–ª—é–¥–∞ –∫ –æ–ø—Ä–µ–¥–µ–ª–µ–Ω–Ω–æ–º—É –≤—Ä–µ–º–µ–Ω–∏ –ø–æ —Ç–µ–ª–µ—Ñ–æ–Ω—É #8368

–î–æ—Å—Ç—É–ø–Ω–∞ –æ–ø–ª–∞—Ç–∞ —á–∞—Å—Ç–∏ —Å—Ç–æ–∏–º–æ—Å—Ç–∏ –∑–∞–∫–∞–∑–∞ –∫–∞—Ä—Ç–æ–π-–ø—Ä–æ–ø—É—Å–∫–æ–º, –∞ —Ç–∞–∫–∂–µ –ø—Ä–æ–≤–µ—Ä–∫–∞ –æ—Å—Ç–∞—Ç–∫–∞ –±–∞–ª–∞–Ω—Å–∞ –Ω–∞ –∫–∞—Ä—Ç–µ.
",–î–æ–±–∞–≤–∏—Ç—å –º–µ–Ω—é –æ–±–Ω–æ–≤–ª–µ–Ω–Ω–æ–µ (–ø–æ–∫–∞ –±–µ–∑ —Ñ–æ—Ç–æ–æ–±—Ä–∞–∑–æ–≤),foodfeedback@croc.ru,https://jive.croc.ru/community/knowledge/everyday/social/lunch,"–ß–∞—Å—ã —Ä–∞–±–æ—Ç—ã: 11:00-19:00
–ó–∞–∫–∞–∑—ã –ø—Ä–∏–Ω–∏–º–∞—é—Ç—Å—è –¥–æ 16:00",https://andreymashkin.ru/disk/share/ngye5OCvyJM07,
–ê–ª—å—Ñ–∞,3,–†–µ–ª–∞–∫—Å ,—Ö–æ–ª–ª (–æ—Ä–∞–Ω–∂–µ–≤—ã–π –∫–≤–∞–¥—Ä–∞—Ç–∏–∫ –Ω–∞ –∫–∞—Ä—Ç–µ ) ,–ö–∏–∫–µ—Ä,–ù–µ—Ç,–ó–æ–Ω–∞ –¥–ª—è –∏–≥—Ä,–î–æ—Å—Ç—É–ø–Ω–æ –±–µ–∑ –±—Ä–æ–Ω–∏,,,,–∑–Ω–∞—á–æ–∫ –∫–∏–∫–µ—Ä,
–ê–ª—å—Ñ–∞,3,–ü–µ—Ä–µ–≥–æ–≤–æ—Ä–Ω—ã–µ ,3–ë,–ü–µ—Ä–µ–≥–æ–≤—Ä–Ω–∞—è,–î–∞,"–ë—Ä–æ–Ω–∏—Ä—É–π —á–µ—Ä–µ–∑ –∫–∞–ª–µ–Ω–¥–∞—Ä—å –≤ Outlook
–∏–ª–∏ –≤ @CrocLiveBot.

",–í–º–µ—Å—Ç–∏–º–æ—Å—Ç—å 3 —á–µ–ª,"–í–æ –≤–æ–ø—Ä–æ—Å–∞–º –æ–±–æ—Ä—É–¥–æ–≤–∞–Ω–∏—è: HelpDesk@croc.ru

–ü–æ –≤–æ–ø—Ä–æ—Å–∞–º –æ—Ä–≥–∞–Ω–∏–∑–∞—Ü–∏–∏ –≤—Å—Ç—Ä–µ—á –∏ –∫–∞–Ω—Ü–µ–ª—è—Ä–∏–∏ : Receptions_Group@croc.ru",,,https://andreymashkin.ru/disk/share/JZeVJvuWxJvn0,
–ê–ª—å—Ñ–∞,3,–ü–µ—Ä–µ–≥–æ–≤–æ—Ä–Ω—ã–µ ,306,–ü–µ—Ä–µ–≥–æ–≤–æ—Ä–Ω–∞—è,–î–∞,"–ë—Ä–æ–Ω–∏—Ä—É–π —á–µ—Ä–µ–∑ –∫–∞–ª–µ–Ω–¥–∞—Ä—å –≤ Outlook
–∏–ª–∏ –≤ @CrocLiveBot.

–í–ö–°",–í–º–µ—Å—Ç–∏–º–æ—Å—Ç—å 8 —á–µ–ª,"–í–æ –≤–æ–ø—Ä–æ—Å–∞–º –æ–±–æ—Ä—É–¥–æ–≤–∞–Ω–∏—è: HelpDesk@croc.ru

–ü–æ –≤–æ–ø—Ä–æ—Å–∞–º –æ—Ä–≥–∞–Ω–∏–∑–∞—Ü–∏–∏ –≤—Å—Ç—Ä–µ—á –∏ –∫–∞–Ω—Ü–µ–ª—è—Ä–∏–∏ : Receptions_Group@croc.ru",,,,
–ê–ª—å—Ñ–∞,3,–†–µ–ª–∞–∫—Å ,316,–ö–æ–º–Ω–∞—Ç–∞ –æ—Ç–¥—ã—Ö–∞ ,–î–∞,"–£—é—Ç–Ω–æ–µ –ø—Ä–æ—Å—Ç—Ä–∞–Ω—Å—Ç–≤–æ –¥–ª—è –æ—Ç–¥—ã—Ö–∞, —Ä–∞–∑–¥–µ–ª—ë–Ω–Ω–æ–µ –Ω–∞ –Ω–µ—Å–∫–æ–ª—å–∫–æ –∑–æ–Ω:
     ¬∑–ò–≥—Ä–æ–≤–∞—è ‚Äî —Å –ø–ª–∞–∑–º–æ–π –∏ –º—É–ª—å—Ç–∏–º–µ–¥–∏–π–Ω—ã–º –æ–±–æ—Ä—É–¥–æ–≤–∞–Ω–∏–µ–º;
     ¬∑–ú—è–≥–∫–∞—è ‚Äî —Å –∞–∫—É—Å—Ç–∏—á–µ—Å–∫–æ–π —Å—Ç–µ–Ω–æ–π –∏ –¥–∏–≤–∞–Ω–æ–º-—Ç—Ä–∞–Ω—Å—Ñ–æ—Ä–º–µ—Ä–æ–º
     ¬∑–î–∑–µ–Ω ‚Äî —Å –º–∞—Å—Å–∞–∂–Ω—ã–º–∏ –∫—Ä–µ—Å–ª–∞–º–∏ –∏ —Ä–∞—Å—Å–ª–∞–±–ª—è—é—â–µ–π –ø–æ–¥—Å–≤–µ—Ç–∫–æ–π –ø–æ–¥ –Ω–∞—Å—Ç—Ä–æ–µ–Ω–∏–µ.
–ë—Ä–æ–Ω–∏—Ä—É–π –ø—Ä–æ—Å—Ç—Ä–∞–Ω—Å—Ç–≤–æ
      —á–µ—Ä–µ–∑ –∫–∞–ª–µ–Ω–¥–∞—Ä—å –≤ Outlook",,FieldService@croc.ru,,"–í—Ä–µ–º—è –±—Ä–æ–Ω–∏—Ä–æ–≤–∞–Ω–∏—è
      –¥–æ—Å—Ç—É–ø–Ω–æ —Å 9 –¥–æ 21—á","https://andreymashkin.ru/disk/share/WOMWqau3KqPo9
https://andreymashkin.ru/disk/share/JZeVJvuWxJ70x",
–ê–ª—å—Ñ–∞,3,–°–ø–æ—Ä—Ç ,318,–°–ø–æ—Ä—Ç–∑–∞–ª ,–î–∞,"–ü–ª–æ—â–∞–¥—å 190 –º2,
–î–æ—Å—Ç—É–ø 24/7
5 –∑–æ–Ω –¥–ª—è –∑–∞–Ω—è—Ç–∏—è —Ä–∞–∑–ª–∏—á–Ω—ã–º–∏ –≤–∏–¥–∞–º–∏ —Å–ø–æ—Ä—Ç–∞
8 —Ç—Ä–µ–Ω–∞–∂–µ—Ä–æ–≤
–ì—Ä—É–ø–ø–æ–≤—ã–µ –ø—Ä–æ–≥—Ä–∞–º–º—ã 

",–º–æ–∂–Ω–æ –≤–∑—è—Ç—å —Ñ–æ—Ç–æ –∏–∑ –ø—Ä–µ–∑—ã –ø–æ–ø—Ä–æ–±–æ–≤–∞—Ç—å ,,"–ü–æ–¥—Ä–æ–±–Ω–µ–µ –æ —Å–ø–æ—Ä—Ç–∑–∞–ª–µ: https://jive.croc.ru/community/knowledge/everyday/corporate/sport/gym
–°–ø–æ—Ä—Ç–∏–≤–Ω–∞—è –∂–∏–∑–Ω—å –∫–æ–º–ø–∞–Ω–∏–∏  : https://corplifecroc.ru/sport",,"https://andreymashkin.ru/disk/share/WOMWqau3Kq5xn
https://andreymashkin.ru/disk/share/D4WEXGSnYXpQY
https://andreymashkin.ru/disk/share/RrOMAYu0qAe0q
https://andreymashkin.ru/disk/share/8nbGEPsG6VRdv
",
–ê–ª—å—Ñ–∞,3,–°–ø–æ—Ä—Ç ,318,–†–∞–∑–¥–µ–≤–∞–ª–∫–∞ –∏ –¥—É—à–µ–≤—ã–µ (—Å–ø–æ—Ä—Ç–∑–∞–ª) ,??,"–ú—É–∂—Å–∫–∞—è/–∂–µ–Ω—Å–∫–∞—è —Ä–∞–∑–¥–µ–≤–∞–ª–∫–∏ 
–®–∫–∞—Ñ—á–∏–∫–∏ –¥–ª—è –æ–∂–¥–µ–∂–¥—ã 
–§–µ–Ω 
–î—É—à–µ–≤—ã–µ –∫–∞–±–∏–Ω–∫–∏
–°–∞–Ω—É–∑–µ–ª

",,,,,,
–ê–ª—å—Ñ–∞,3,–ó–¥–æ—Ä–æ–≤—å–µ,308,–°—Ç–æ–º–∞—Ç–æ–ª–æ–≥–∏—á–µ—Å–∫–∏–π –∫–∞–±–∏–Ω–µ—Ç,–î–∞,"–£—Å–ª—É–≥–∏ –æ–∫–∞–∑—ã–≤–∞—é—Ç—Å—è –ø–æ –î–ú–°.
–î–æ–∫—Ç–æ—Ä:  –ö–ª–∏–º—á—É–∫ –ú–∞—Ä–∏—è 
–ó–∞–ø–∏—Å—å –Ω–∞ –ø—Ä–∏–µ–º:
+7-926-535-52-27

–í–Ω—É—Ç—Ä–µ–Ω–Ω–∏–π —Ç–µ–ª–µ—Ñ–æ–Ω —Å—Ç–æ–º–∞—Ç–æ–ª–æ–≥–∏—á–µ—Å–∫–æ–≥–æ –∫–∞–±–∏–Ω–µ—Ç–∞: 8321",,,https://jive.croc.ru/community/knowledge/everyday/social/stomatology,"–ö–∞–∂–¥—É—é –Ω–µ–¥–µ–ª—é –ø–æ –≤—Ç–æ—Ä–Ω–∏–∫–∞–º.
–¢—Ä–µ–±—É–µ—Ç—Å—è –ø—Ä–µ–¥–≤–∞—Ä–∏—Ç–µ–ª—å–Ω–∞—è –∑–∞–ø–∏—Å—å",https://andreymashkin.ru/disk/share/ZRP375srMARBr,
–ê–ª—å—Ñ–∞,3,–ö—Ä–∞—Å–æ—Ç–∞,314,–ü–∞—Ä–∏–∫–º–∞—Ö–µ—Ä—Å–∫–∞—è ,–î–∞,–ö–∞–±–∏–Ω–µ—Ç –º–æ–∂–Ω–æ –∑–∞–±—Ä–æ–Ω–∏—Ä–æ–≤–∞—Ç—å –¥–ª—è —Å–≤–æ–µ–≥–æ –º–∞—Å—Ç–µ—Ä–∞,,,https://jive.croc.ru/community/knowledge/everyday/social/parikmaxer,,https://andreymashkin.ru/disk/share/KzBrRvuP9RO0x,
–ê–ª—å—Ñ–∞,3,–ö—Ä–∞—Å–æ—Ç–∞,314,–ú–∞–Ω–∏–∫—é—Ä–Ω—ã–π –∫–∞–±–∏–Ω–µ—Ç,??,–ö–∞–±–∏–Ω–µ—Ç –º–æ–∂–Ω–æ –∑–∞–±—Ä–æ–Ω–∏—Ä–æ–≤–∞—Ç—å –¥–ª—è —Å–≤–æ–µ–≥–æ –º–∞—Å—Ç–µ—Ä–∞,,,https://jive.croc.ru/community/knowledge/everyday/social/master-po-manikyuru,,"https://andreymashkin.ru/disk/share/P58KZMh9aZ7a3
https://andreymashkin.ru/disk/share/m4dazGS9gv6k6",
–ê–ª—å—Ñ–∞,3,–†–µ–ª–∞–∫—Å ,308–ê,–ú–∞—Å—Å–∞–∂–Ω—ã–π –∫–∞–±–∏–Ω–µ—Ç ,–î–∞,–ö–∞–±–∏–Ω–µ—Ç –º–æ–∂–Ω–æ –∑–∞–±—Ä–æ–Ω–∏—Ä–æ–≤–∞—Ç—å –¥–ª—è —Å–≤–æ–µ–≥–æ –º–∞—Å—Ç–µ—Ä–∞,,,https://jive.croc.ru/community/knowledge/everyday/social/massazhnyj-kabinet,,–∑–Ω–∞—á–æ–∫ –º–æ–∂–Ω–æ –ø–æ—Å—Ç–∞–≤–∏—Ç—å ,
–ê–ª—å—Ñ–∞,4,–ü–µ—Ä–µ–≥–æ–≤–æ—Ä–Ω—ã–µ ,402 –ë,–ü–µ—Ä–µ–≥–æ–≤–æ—Ä–Ω–∞—è ,–î–∞,"–ë—Ä–æ–Ω–∏—Ä—É–π —á–µ—Ä–µ–∑ –∫–∞–ª–µ–Ω–¥–∞—Ä—å –≤ Outlook
–∏–ª–∏ –≤ @CrocLiveBot.

",–í–º–µ—Å—Ç–∏–º–æ—Å—Ç—å 3 —á–µ–ª,"–í–æ –≤–æ–ø—Ä–æ—Å–∞–º –æ–±–æ—Ä—É–¥–æ–≤–∞–Ω–∏—è: HelpDesk@croc.ru

–ü–æ –≤–æ–ø—Ä–æ—Å–∞–º –æ—Ä–≥–∞–Ω–∏–∑–∞—Ü–∏–∏ –≤—Å—Ç—Ä–µ—á –∏ –∫–∞–Ω—Ü–µ–ª—è—Ä–∏–∏ : Receptions_Group@croc.ru",,,"–¢–∏–ø–æ–≤–æ–µ —Ñ–æ—Ç–æ 
https://andreymashkin.ru/disk/share/b8AVKqhX9enzq",
–ê–ª—å—Ñ–∞,4,–ü–µ—Ä–µ–≥–æ–≤–æ—Ä–Ω—ã–µ ,402 –ì,–ü–µ—Ä–µ–≥–æ–≤–æ—Ä–Ω–∞—è ,–î–∞,"–ë—Ä–æ–Ω–∏—Ä—É–π —á–µ—Ä–µ–∑ –∫–∞–ª–µ–Ω–¥–∞—Ä—å –≤ Outlook
–∏–ª–∏ –≤ @CrocLiveBot.

","–í–º–µ—Å—Ç–∏–º–æ—Å—Ç—å 3 —á–µ–ª
–±–µ–∑ –æ–∫–Ω–∞ ","–í–æ –≤–æ–ø—Ä–æ—Å–∞–º –æ–±–æ—Ä—É–¥–æ–≤–∞–Ω–∏—è: HelpDesk@croc.ru

–ü–æ –≤–æ–ø—Ä–æ—Å–∞–º –æ—Ä–≥–∞–Ω–∏–∑–∞—Ü–∏–∏ –≤—Å—Ç—Ä–µ—á –∏ –∫–∞–Ω—Ü–µ–ª—è—Ä–∏–∏ : Receptions_Group@croc.ru",,,,
–ê–ª—å—Ñ–∞,4,–ü–µ—Ä–µ–≥–æ–≤–æ—Ä–Ω—ã–µ ,402 –î,–ü–µ—Ä–µ–≥–æ–≤–æ—Ä–Ω–∞—è ,–î–∞,"–ë—Ä–æ–Ω–∏—Ä—É–π —á–µ—Ä–µ–∑ –∫–∞–ª–µ–Ω–¥–∞—Ä—å –≤ Outlook
–∏–ª–∏ –≤ @CrocLiveBot.

",–í–º–µ—Å—Ç–∏–º–æ—Å—Ç—å 3 —á–µ–ª,"–í–æ –≤–æ–ø—Ä–æ—Å–∞–º –æ–±–æ—Ä—É–¥–æ–≤–∞–Ω–∏—è: HelpDesk@croc.ru

–ü–æ –≤–æ–ø—Ä–æ—Å–∞–º –æ—Ä–≥–∞–Ω–∏–∑–∞—Ü–∏–∏ –≤—Å—Ç—Ä–µ—á –∏ –∫–∞–Ω—Ü–µ–ª—è—Ä–∏–∏ : Receptions_Group@croc.ru",,,,
–ê–ª—å—Ñ–∞,4,–ü–µ—Ä–µ–≥–æ–≤–æ—Ä–Ω—ã–µ ,402 –ï,–ü–µ—Ä–µ–≥–æ–≤–æ—Ä–Ω–∞—è ,–î–∞,"–ë—Ä–æ–Ω–∏—Ä—É–π —á–µ—Ä–µ–∑ –∫–∞–ª–µ–Ω–¥–∞—Ä—å –≤ Outlook
–∏–ª–∏ –≤ @CrocLiveBot.

",–í–º–µ—Å—Ç–∏–º–æ—Å—Ç—å 3 —á–µ–ª,"–í–æ –≤–æ–ø—Ä–æ—Å–∞–º –æ–±–æ—Ä—É–¥–æ–≤–∞–Ω–∏—è: HelpDesk@croc.ru

–ü–æ –≤–æ–ø—Ä–æ—Å–∞–º –æ—Ä–≥–∞–Ω–∏–∑–∞—Ü–∏–∏ –≤—Å—Ç—Ä–µ—á –∏ –∫–∞–Ω—Ü–µ–ª—è—Ä–∏–∏ : Receptions_Group@croc.ru",,,,
–ê–ª—å—Ñ–∞,4,–ü–µ—Ä–µ–≥–æ–≤–æ—Ä–Ω—ã–µ ,402 –ó,–ü–µ—Ä–µ–≥–æ–≤–æ—Ä–Ω–∞—è ,–î–∞,"–ë—Ä–æ–Ω–∏—Ä—É–π —á–µ—Ä–µ–∑ –∫–∞–ª–µ–Ω–¥–∞—Ä—å –≤ Outlook
–∏–ª–∏ –≤ @CrocLiveBot.

",–í–º–µ—Å—Ç–∏–º–æ—Å—Ç—å 3 —á–µ–ª,"–í–æ –≤–æ–ø—Ä–æ—Å–∞–º –æ–±–æ—Ä—É–¥–æ–≤–∞–Ω–∏—è: HelpDesk@croc.ru

–ü–æ –≤–æ–ø—Ä–æ—Å–∞–º –æ—Ä–≥–∞–Ω–∏–∑–∞—Ü–∏–∏ –≤—Å—Ç—Ä–µ—á –∏ –∫–∞–Ω—Ü–µ–ª—è—Ä–∏–∏ : Receptions_Group@croc.ru",,,,
–ê–ª—å—Ñ–∞,4,–ü–µ—Ä–µ–≥–æ–≤–æ—Ä–Ω—ã–µ ,402 –ò,–ü–µ—Ä–µ–≥–æ–≤–æ—Ä–Ω–∞—è ,–î–∞,"–ë—Ä–æ–Ω–∏—Ä—É–π —á–µ—Ä–µ–∑ –∫–∞–ª–µ–Ω–¥–∞—Ä—å –≤ Outlook
–∏–ª–∏ –≤ @CrocLiveBot.

",–í–º–µ—Å—Ç–∏–º–æ—Å—Ç—å 3 —á–µ–ª,"–í–æ –≤–æ–ø—Ä–æ—Å–∞–º –æ–±–æ—Ä—É–¥–æ–≤–∞–Ω–∏—è: HelpDesk@croc.ru

–ü–æ –≤–æ–ø—Ä–æ—Å–∞–º –æ—Ä–≥–∞–Ω–∏–∑–∞—Ü–∏–∏ –≤—Å—Ç—Ä–µ—á –∏ –∫–∞–Ω—Ü–µ–ª—è—Ä–∏–∏ : Receptions_Group@croc.ru",,,,
–ê–ª—å—Ñ–∞,4,–ü–µ—Ä–µ–≥–æ–≤–æ—Ä–Ω—ã–µ ,402 –ö,–ü–µ—Ä–µ–≥–æ–≤–æ—Ä–Ω–∞—è ,–î–∞,"–ë—Ä–æ–Ω–∏—Ä—É–π —á–µ—Ä–µ–∑ –∫–∞–ª–µ–Ω–¥–∞—Ä—å –≤ Outlook
–∏–ª–∏ –≤ @CrocLiveBot.

",–í–º–µ—Å—Ç–∏–º–æ—Å—Ç—å 3 —á–µ–ª,"–í–æ –≤–æ–ø—Ä–æ—Å–∞–º –æ–±–æ—Ä—É–¥–æ–≤–∞–Ω–∏—è: HelpDesk@croc.ru

–ü–æ –≤–æ–ø—Ä–æ—Å–∞–º –æ—Ä–≥–∞–Ω–∏–∑–∞—Ü–∏–∏ –≤—Å—Ç—Ä–µ—á –∏ –∫–∞–Ω—Ü–µ–ª—è—Ä–∏–∏ : Receptions_Group@croc.ru",,,,
–ê–ª—å—Ñ–∞,4,–ü–µ—Ä–µ–≥–æ–≤–æ—Ä–Ω—ã–µ ,402 –õ,–ü–µ—Ä–µ–≥–æ–≤–æ—Ä–Ω–∞—è ,–î–∞,"–ë—Ä–æ–Ω–∏—Ä—É–π —á–µ—Ä–µ–∑ –∫–∞–ª–µ–Ω–¥–∞—Ä—å –≤ Outlook
–∏–ª–∏ –≤ @CrocLiveBot.

",–í–º–µ—Å—Ç–∏–º–æ—Å—Ç—å 3 —á–µ–ª,"–í–æ –≤–æ–ø—Ä–æ—Å–∞–º –æ–±–æ—Ä—É–¥–æ–≤–∞–Ω–∏—è: HelpDesk@croc.ru

–ü–æ –≤–æ–ø—Ä–æ—Å–∞–º –æ—Ä–≥–∞–Ω–∏–∑–∞—Ü–∏–∏ –≤—Å—Ç—Ä–µ—á –∏ –∫–∞–Ω—Ü–µ–ª—è—Ä–∏–∏ : Receptions_Group@croc.ru",,,,
–ê–ª—å—Ñ–∞,4,–ü–µ—Ä–µ–≥–æ–≤–æ—Ä–Ω—ã–µ ,4–ë,–ü–µ—Ä–µ–≥–æ–≤–æ—Ä–Ω–∞—è ,–î–∞,"–ë—Ä–æ–Ω–∏—Ä—É–π —á–µ—Ä–µ–∑ –∫–∞–ª–µ–Ω–¥–∞—Ä—å –≤ Outlook
–∏–ª–∏ –≤ @CrocLiveBot.

",–í–º–µ—Å—Ç–∏–º–æ—Å—Ç—å 4 —á–µ–ª,"–í–æ –≤–æ–ø—Ä–æ—Å–∞–º –æ–±–æ—Ä—É–¥–æ–≤–∞–Ω–∏—è: HelpDesk@croc.ru

–ü–æ –≤–æ–ø—Ä–æ—Å–∞–º –æ—Ä–≥–∞–Ω–∏–∑–∞—Ü–∏–∏ –≤—Å—Ç—Ä–µ—á –∏ –∫–∞–Ω—Ü–µ–ª—è—Ä–∏–∏ : Receptions_Group@croc.ru",,,,
–ê–ª—å—Ñ–∞,4,–ü–∏—Ç–∞–Ω–∏–µ ,—Å 3-11,–ú–∏–Ω–∏-–∫—É—Ö–Ω—è,–î–∞,"–£—é—Ç–Ω—ã–µ –ª–æ–∫–∞—Ü–∏–∏ –¥–ª—è –±—ã—Å—Ç—Ä—ã—Ö –≤—Å—Ç—Ä–µ—á –∏ –ø–µ—Ä–µ–∫—É—Å–æ–≤ –Ω–∞ –≤—Å–µ—Ö —ç—Ç–∞–∂–∞—Ö –∫–æ—Ä–ø—É—Å–æ–≤ –ê–ª—å—Ñ–∞ –∏ –ë–µ—Ç–∞.

–ö–∞–∂–¥–∞—è –º–∏–Ω–∏-–∫—É—Ö–Ω—è –æ–±–æ—Ä—É–¥–æ–≤–∞–Ω–∞ –∫–æ—Ñ–µ–º–∞—à–∏–Ω–æ–π, —Å–∏—Å—Ç–µ–º–æ–π —Ñ–∏–ª—å—Ç—Ä–∞—Ü–∏–∏ –ø–∏—Ç—å–µ–≤–æ–π –≤–æ–¥—ã –∏ —Ö–æ–ª–æ–¥–∏–ª—å–Ω–∏–∫–æ–º –¥–ª—è —Ö—Ä–∞–Ω–µ–Ω–∏—è –µ–¥—ã.

–°–ª–µ–¥–∏—Ç—å –∑–∞ –ø–æ—Ä—è–¥–∫–æ–º –Ω–∞ –º–∏–Ω–∏-–∫—É—Ö–Ω—è—Ö –ø–æ–º–æ–≥–∞—é—Ç –∫–æ—Ñ–µ-–ª–µ–¥–∏. –ï—Å–ª–∏ –Ω–µ–æ–∂–∏–¥–∞–Ω–Ω–æ –∑–∞–∫–æ–Ω—á–∏–ª–æ—Å—å –º–æ–ª–æ–∫–æ, —á–∞–π/–∫–æ—Ñ–µ –∏–ª–∏ –Ω—É–∂–Ω–∞ –ø–æ–º–æ—â—å —Å –±—ã—Ç–æ–≤–æ–π —Ç–µ—Ö–Ω–∏–∫–æ–π ‚Äì –Ω–∞–ø–∏—à–∏ –æ–± —ç—Ç–æ–º –∏–ª–∏ –ø–æ–∑–≤–æ–Ω–∏ –ø–æ –Ω–æ–º–µ—Ä—É +7(926)041-47-51.

–¢–≤–æ–π –∑–∞–ø—Ä–æ—Å –ø–µ—Ä–µ–¥–∞–¥—É—Ç –æ—Ç–≤–µ—Ç—Å—Ç–≤–µ–Ω–Ω–æ–º—É –∑–∞ –¥–∞–Ω–Ω—É—é –ª–æ–∫–∞—Ü–∏—é –∏ —Ä–µ—à–∞—Ç –≤ –∫—Ä–∞—Ç—á–∞–π—à–∏–µ —Å—Ä–æ–∫–∏.",,foodfeedback@croc.ru,,,"https://andreymashkin.ru/disk/share/RrOMAYu0qAMGx
https://andreymashkin.ru/disk/share/y0rVxlSZKk8o6",
–ê–ª—å—Ñ–∞,4,–°–µ—Ä–≤–∏—Å ,,–†–µ—Å–µ–ø—à–µ–Ω ,–î–∞,,"—Ç–∏–ø–æ–≤–æ–π ( –Ω–∞ 4, 5, 10,11 —ç—Ç–∞–∂–∏)",,–ü–æ–¥—Ä–æ–±–Ω–µ–µ https://jive.croc.ru/community/knowledge/everyday/social/sekretariat/overview,,https://andreymashkin.ru/disk/share/xAl7ZoFDnz1O8,
–ê–ª—å—Ñ–∞,4,–†–µ–ª–∞–∫—Å ,,–ó–æ–Ω–∞ –æ–∂–∏–¥–∞–Ω–∏—è ,??,,,,,,"https://andreymashkin.ru/disk/share/vxBekbfbp1XdJ
https://andreymashkin.ru/disk/share/zoqVAmHJ71l8O",
–ê–ª—å—Ñ–∞,5,–ü–µ—Ä–µ–≥–æ–≤–æ—Ä–Ω—ã–µ ,504,–ü–µ—Ä–µ–≥–æ–≤–æ—Ä–Ω–∞—è ,–î–∞,"–ë—Ä–æ–Ω–∏—Ä—É–π —á–µ—Ä–µ–∑ –∫–∞–ª–µ–Ω–¥–∞—Ä—å –≤ Outlook
–∏–ª–∏ –≤ @CrocLiveBot.

","–í–ö–°, —Ñ–ª–∏–ø—á–∞—Ä—Ç
–í–º–µ—Å—Ç–∏–º–æ—Å—Ç—å 10 —á–µ–ª","–í–æ –≤–æ–ø—Ä–æ—Å–∞–º –æ–±–æ—Ä—É–¥–æ–≤–∞–Ω–∏—è: HelpDesk@croc.ru

–ü–æ –≤–æ–ø—Ä–æ—Å–∞–º –æ—Ä–≥–∞–Ω–∏–∑–∞—Ü–∏–∏ –≤—Å—Ç—Ä–µ—á –∏ –∫–∞–Ω—Ü–µ–ª—è—Ä–∏–∏ : Receptions_Group@croc.ru",,,,
–ê–ª—å—Ñ–∞,6,–°–µ—Ä–≤–∏—Å ,–•–æ–ª–ª 6 —ç—Ç–∞–∂–∞ ,–ê–∫—É—Å—Ç–∏—á–µ—Å–∫–∏–µ –∫–∞–±–∏–Ω–∫–∏ ,??,–°–≤–æ–±–æ–¥–Ω—ã–π –¥–æ—Å—Ç—É–ø ,"–æ–Ω–∏ —Ä–∞—Å–ø–æ–ª–∞–≥–∞—é—Ç—Å—è –∑–∞ –º–æ–Ω–∏—Ç–æ—Ä–æ–º , –Ω–∞–¥–æ –ø–æ–¥—É–º–∞—Ç—å , –∫–∞–∫ –∏—Ö –ø–æ–¥—Å–≤–µ—Ç–∏—Ç—å ",,,,https://andreymashkin.ru/disk/share/P58KZMh9aZJbb,
–ê–ª—å—Ñ–∞,6,–ü–µ—Ä–µ–≥–æ–≤–æ—Ä–Ω—ã–µ ,603,–ö–æ–º–Ω–∞—Ç–∞ —Ç–∏—à–∏–Ω—ã ,–î–∞,"–ë—Ä–æ–Ω–∏—Ä—É–π —á–µ—Ä–µ–∑ –∫–∞–ª–µ–Ω–¥–∞—Ä—å –≤ Outlook
–∏–ª–∏ –≤ @CrocLiveBot.

",–í–º–µ—Å—Ç–∏–º–æ—Å—Ç—å 4 —á–µ–ª,"–í–æ –≤–æ–ø—Ä–æ—Å–∞–º –æ–±–æ—Ä—É–¥–æ–≤–∞–Ω–∏—è: HelpDesk@croc.ru

–ü–æ –≤–æ–ø—Ä–æ—Å–∞–º –æ—Ä–≥–∞–Ω–∏–∑–∞—Ü–∏–∏ –≤—Å—Ç—Ä–µ—á –∏ –∫–∞–Ω—Ü–µ–ª—è—Ä–∏–∏ : Receptions_Group@croc.ru",,,—Ñ–æ—Ç–æ –ø—Ä–∏–ª–æ–∂–∏–ª–∞ ,"—Ç–∞–∫–∏—Ö –Ω–µ—Å–∫–æ–ª—å–∫–æ : 803, 903"
–ê–ª—å—Ñ–∞,6,–ü–µ—Ä–µ–≥–æ–≤–æ—Ä–Ω—ã–µ ,608,–ü–µ—Ä–µ–≥–æ–≤–æ—Ä–Ω–∞—è,–î–∞,"–ë—Ä–æ–Ω–∏—Ä—É–π —á–µ—Ä–µ–∑ –∫–∞–ª–µ–Ω–¥–∞—Ä—å –≤ Outlook
–∏–ª–∏ –≤ @CrocLiveBot.

","–í–ö–°, –§–ª–∏–ø—á–∞—Ä—Ç
–í–º–µ—Å—Ç–∏–º–æ—Å—Ç—å 6 —á–µ–ª","–í–æ –≤–æ–ø—Ä–æ—Å–∞–º –æ–±–æ—Ä—É–¥–æ–≤–∞–Ω–∏—è: HelpDesk@croc.ru

–ü–æ –≤–æ–ø—Ä–æ—Å–∞–º –æ—Ä–≥–∞–Ω–∏–∑–∞—Ü–∏–∏ –≤—Å—Ç—Ä–µ—á –∏ –∫–∞–Ω—Ü–µ–ª—è—Ä–∏–∏ : Receptions_Group@croc.ru",,,,
–ê–ª—å—Ñ–∞,6,–ü–µ—Ä–µ–≥–æ–≤–æ—Ä–Ω—ã–µ ,6 –ë,–ü–µ—Ä–µ–≥–æ–≤–æ—Ä–Ω–∞—è,–î–∞,"–ë—Ä–æ–Ω–∏—Ä—É–π —á–µ—Ä–µ–∑ –∫–∞–ª–µ–Ω–¥–∞—Ä—å –≤ Outlook
–∏–ª–∏ –≤ @CrocLiveBot.

",–í–º–µ—Å—Ç–∏–º–æ—Å—Ç—å 4 —á–µ–ª,"–í–æ –≤–æ–ø—Ä–æ—Å–∞–º –æ–±–æ—Ä—É–¥–æ–≤–∞–Ω–∏—è: HelpDesk@croc.ru

–ü–æ –≤–æ–ø—Ä–æ—Å–∞–º –æ—Ä–≥–∞–Ω–∏–∑–∞—Ü–∏–∏ –≤—Å—Ç—Ä–µ—á –∏ –∫–∞–Ω—Ü–µ–ª—è—Ä–∏–∏ : Receptions_Group@croc.ru",,,,
–ê–ª—å—Ñ–∞,6,–ü–µ—Ä–µ–≥–æ–≤–æ—Ä–Ω—ã–µ ,606,–ü–µ—Ä–µ–≥–æ–≤–æ—Ä–Ω–∞—è,–î–∞,"–ë—Ä–æ–Ω–∏—Ä—É–π —á–µ—Ä–µ–∑ –∫–∞–ª–µ–Ω–¥–∞—Ä—å –≤ Outlook
–∏–ª–∏ –≤ @CrocLiveBot.

","–í–ö–°
–í–º–µ—Å—Ç–∏–º–æ—Å—Ç—å 5 —á–µ–ª","–í–æ –≤–æ–ø—Ä–æ—Å–∞–º –æ–±–æ—Ä—É–¥–æ–≤–∞–Ω–∏—è: HelpDesk@croc.ru

–ü–æ –≤–æ–ø—Ä–æ—Å–∞–º –æ—Ä–≥–∞–Ω–∏–∑–∞—Ü–∏–∏ –≤—Å—Ç—Ä–µ—á –∏ –∫–∞–Ω—Ü–µ–ª—è—Ä–∏–∏ : Receptions_Group@croc.ru",,,,
–ê–ª—å—Ñ–∞,7,–ü–µ—Ä–µ–≥–æ–≤–æ—Ä–Ω—ã–µ ,712,–ü–µ—Ä–µ–≥–æ–≤–æ—Ä–Ω–∞—è,–î–∞,"–ë—Ä–æ–Ω–∏—Ä—É–π —á–µ—Ä–µ–∑ –∫–∞–ª–µ–Ω–¥–∞—Ä—å –≤ Outlook
–∏–ª–∏ –≤ @CrocLiveBot.

","–í–ö–°
–í–º–µ—Å—Ç–∏–º–æ—Å—Ç—å 10 —á–µ–ª","–í–æ –≤–æ–ø—Ä–æ—Å–∞–º –æ–±–æ—Ä—É–¥–æ–≤–∞–Ω–∏—è: HelpDesk@croc.ru

–ü–æ –≤–æ–ø—Ä–æ—Å–∞–º –æ—Ä–≥–∞–Ω–∏–∑–∞—Ü–∏–∏ –≤—Å—Ç—Ä–µ—á –∏ –∫–∞–Ω—Ü–µ–ª—è—Ä–∏–∏ : Receptions_Group@croc.ru",,,,
–ê–ª—å—Ñ–∞,8,–ü–µ—Ä–µ–≥–æ–≤–æ—Ä–Ω—ã–µ ,803,–ö–æ–Ω–º–∞—Ç–∞ —Ç–∏—à–∏–Ω—ã ,–î–∞,"–ë—Ä–æ–Ω–∏—Ä—É–π —á–µ—Ä–µ–∑ –∫–∞–ª–µ–Ω–¥–∞—Ä—å –≤ Outlook
–∏–ª–∏ –≤ @CrocLiveBot.",–í–º–µ—Å—Ç–∏–º–æ—Å—Ç—å 4 —á–µ–ª,"–í–æ –≤–æ–ø—Ä–æ—Å–∞–º –æ–±–æ—Ä—É–¥–æ–≤–∞–Ω–∏—è: HelpDesk@croc.ru

–ü–æ –≤–æ–ø—Ä–æ—Å–∞–º –æ—Ä–≥–∞–Ω–∏–∑–∞—Ü–∏–∏ –≤—Å—Ç—Ä–µ—á –∏ –∫–∞–Ω—Ü–µ–ª—è—Ä–∏–∏ : Receptions_Group@croc.ru",,,—Ñ–æ—Ç–æ –ø—Ä–∏–ª–æ–∂–∏–ª–∞ ,"—Ç–∞–∫–∏—Ö –Ω–µ—Å–∫–æ–ª—å–∫–æ : 803, 903"
–ê–ª—å—Ñ–∞,8,–ü–µ—Ä–µ–≥–æ–≤–æ—Ä–Ω—ã–µ ,808,–ü–µ—Ä–µ–≥–æ–≤–æ—Ä–Ω–∞—è,–î–∞,"–ë—Ä–æ–Ω–∏—Ä—É–π —á–µ—Ä–µ–∑ –∫–∞–ª–µ–Ω–¥–∞—Ä—å –≤ Outlook
–∏–ª–∏ –≤ @CrocLiveBot.",–í–º–µ—Å—Ç–∏–º–æ—Å—Ç—å 6 —á–µ–ª,"–í–æ –≤–æ–ø—Ä–æ—Å–∞–º –æ–±–æ—Ä—É–¥–æ–≤–∞–Ω–∏—è: HelpDesk@croc.ru

–ü–æ –≤–æ–ø—Ä–æ—Å–∞–º –æ—Ä–≥–∞–Ω–∏–∑–∞—Ü–∏–∏ –≤—Å—Ç—Ä–µ—á –∏ –∫–∞–Ω—Ü–µ–ª—è—Ä–∏–∏ : Receptions_Group@croc.ru",,,"—Ç–æ—á–∫–∞, –∞ —Ñ–æ—Ç–æ –±—É–¥–µ—Ç –ø–æ–∑–∂–µ ",
–ê–ª—å—Ñ–∞,8,–ü–µ—Ä–µ–≥–æ–≤–æ—Ä–Ω—ã–µ ,810,–£—á–µ–±–Ω—ã–π –∑–∞–ª,–ù–µ—Ç –∏–Ω—Ñ—ã —Ç—É—Ç ,,,,,,,
–ê–ª—å—Ñ–∞,9,–ü–µ—Ä–µ–≥–æ–≤–æ—Ä–Ω—ã–µ ,903,–ö–æ–Ω–º–∞—Ç–∞ —Ç–∏—à–∏–Ω—ã ,–î–∞,"–ë—Ä–æ–Ω–∏—Ä—É–π —á–µ—Ä–µ–∑ –∫–∞–ª–µ–Ω–¥–∞—Ä—å –≤ Outlook
–∏–ª–∏ –≤ @CrocLiveBot.",–í–º–µ—Å—Ç–∏–º–æ—Å—Ç—å 4 —á–µ–ª,"–í–æ –≤–æ–ø—Ä–æ—Å–∞–º –æ–±–æ—Ä—É–¥–æ–≤–∞–Ω–∏—è: HelpDesk@croc.ru

–ü–æ –≤–æ–ø—Ä–æ—Å–∞–º –æ—Ä–≥–∞–Ω–∏–∑–∞—Ü–∏–∏ –≤—Å—Ç—Ä–µ—á –∏ –∫–∞–Ω—Ü–µ–ª—è—Ä–∏–∏ : Receptions_Group@croc.ru",,,https://andreymashkin.ru/disk/share/5nkGOys6QrGxV,
–ê–ª—å—Ñ–∞,9,–ü–µ—Ä–µ–≥–æ–≤–æ—Ä–Ω—ã–µ ,9–ë,–ü–µ—Ä–µ–≥–æ–≤–æ—Ä–Ω–∞—è,–ù–µ—Ç –∏–Ω—Ñ—ã —Ç—É—Ç ,,,,,,,
–ê–ª—å—Ñ–∞,10,–ü–µ—Ä–µ–≥–æ–≤–æ—Ä–Ω—ã–µ ,1008,–ü–µ—Ä–µ–≥–æ–≤–æ—Ä–Ω–∞—è,–î–∞,"–ë—Ä–æ–Ω–∏—Ä—É–π —á–µ—Ä–µ–∑ –∫–∞–ª–µ–Ω–¥–∞—Ä—å –≤ Outlook
–∏–ª–∏ –≤ @CrocLiveBot.

","–í–ö–°
–í–º–µ—Å—Ç–∏–º–æ—Å—Ç—å 6 —á–µ–ª","–í–æ –≤–æ–ø—Ä–æ—Å–∞–º –æ–±–æ—Ä—É–¥–æ–≤–∞–Ω–∏—è: HelpDesk@croc.ru

–ü–æ –≤–æ–ø—Ä–æ—Å–∞–º –æ—Ä–≥–∞–Ω–∏–∑–∞—Ü–∏–∏ –≤—Å—Ç—Ä–µ—á –∏ –∫–∞–Ω—Ü–µ–ª—è—Ä–∏–∏ : Receptions_Group@croc.ru",,,,
–ê–ª—å—Ñ–∞,10,–ü–µ—Ä–µ–≥–æ–≤–æ—Ä–Ω—ã–µ ,1010,–ü–µ—Ä–µ–≥–æ–≤–æ—Ä–Ω–∞—è,–î–∞,"–ë—Ä–æ–Ω–∏—Ä—É–π —á–µ—Ä–µ–∑ –∫–∞–ª–µ–Ω–¥–∞—Ä—å –≤ Outlook
–∏–ª–∏ –≤ @CrocLiveBot.

","–í–ö–°, —Ñ–ª–∏–ø—á–∞—Ä—Ç 
–í–º–µ—Å—Ç–∏–º–æ—Å—Ç—å 10 —á–µ–ª","–í–æ –≤–æ–ø—Ä–æ—Å–∞–º –æ–±–æ—Ä—É–¥–æ–≤–∞–Ω–∏—è: HelpDesk@croc.ru

–ü–æ –≤–æ–ø—Ä–æ—Å–∞–º –æ—Ä–≥–∞–Ω–∏–∑–∞—Ü–∏–∏ –≤—Å—Ç—Ä–µ—á –∏ –∫–∞–Ω—Ü–µ–ª—è—Ä–∏–∏ : Receptions_Group@croc.ru",,,https://andreymashkin.ru/disk/share/WOMWqau3KqPam,
–ê–ª—å—Ñ–∞,10,–ü–µ—Ä–µ–≥–æ–≤–æ—Ä–Ω—ã–µ ,10 –ë,–ü–µ—Ä–µ–≥–æ–≤–æ—Ä–Ω–∞—è,–î–∞,"–ë—Ä–æ–Ω–∏—Ä—É–π —á–µ—Ä–µ–∑ –∫–∞–ª–µ–Ω–¥–∞—Ä—å –≤ Outlook
–∏–ª–∏ –≤ @CrocLiveBot.

","–í–ö–°
–í–º–µ—Å—Ç–∏–º–æ—Å—Ç—å 6 —á–µ–ª","–í–æ –≤–æ–ø—Ä–æ—Å–∞–º –æ–±–æ—Ä—É–¥–æ–≤–∞–Ω–∏—è: HelpDesk@croc.ru

–ü–æ –≤–æ–ø—Ä–æ—Å–∞–º –æ—Ä–≥–∞–Ω–∏–∑–∞—Ü–∏–∏ –≤—Å—Ç—Ä–µ—á –∏ –∫–∞–Ω—Ü–µ–ª—è—Ä–∏–∏ : Receptions_Group@croc.ru",,,,
–ê–ª—å—Ñ–∞,11,–ü–µ—Ä–µ–≥–æ–≤–æ—Ä–Ω—ã–µ ,1102,–ü–µ—Ä–µ–≥–æ–≤–æ—Ä–Ω–∞—è,–î–∞,"–ë—Ä–æ–Ω–∏—Ä—É–π —á–µ—Ä–µ–∑ –∫–∞–ª–µ–Ω–¥–∞—Ä—å –≤ Outlook
–∏–ª–∏ –≤ @CrocLiveBot.

","–í–ö–°, —Ñ–ª–∏–ø—á–∞—Ä—Ç 
–í–º–µ—Å—Ç–∏–º–æ—Å—Ç—å 24 —á–µ–ª","–í–æ –≤–æ–ø—Ä–æ—Å–∞–º –æ–±–æ—Ä—É–¥–æ–≤–∞–Ω–∏—è: HelpDesk@croc.ru

–ü–æ –≤–æ–ø—Ä–æ—Å–∞–º –æ—Ä–≥–∞–Ω–∏–∑–∞—Ü–∏–∏ –≤—Å—Ç—Ä–µ—á –∏ –∫–∞–Ω—Ü–µ–ª—è—Ä–∏–∏ : Receptions_Group@croc.ru",,,"https://andreymashkin.ru/disk/share/JZeVJvuWxJvvY
https://andreymashkin.ru/disk/share/VOK6mPu3ymDz8",
–ê–ª—å—Ñ–∞,11,–ü–µ—Ä–µ–≥–æ–≤–æ—Ä–Ω—ã–µ ,1104,–ü–µ—Ä–µ–≥–æ–≤–æ—Ä–Ω–∞—è,–î–∞,"–ë—Ä–æ–Ω–∏—Ä—É–π —á–µ—Ä–µ–∑ –∫–∞–ª–µ–Ω–¥–∞—Ä—å –≤ Outlook
–∏–ª–∏ –≤ @CrocLiveBot.

","–í–ö–°, —Ñ–ª–∏–ø—á–∞—Ä—Ç 
–í–º–µ—Å—Ç–∏–º–æ—Å—Ç—å 13 —á–µ–ª","–í–æ –≤–æ–ø—Ä–æ—Å–∞–º –æ–±–æ—Ä—É–¥–æ–≤–∞–Ω–∏—è: HelpDesk@croc.ru

–ü–æ –≤–æ–ø—Ä–æ—Å–∞–º –æ—Ä–≥–∞–Ω–∏–∑–∞—Ü–∏–∏ –≤—Å—Ç—Ä–µ—á –∏ –∫–∞–Ω—Ü–µ–ª—è—Ä–∏–∏ : Receptions_Group@croc.ru",,,https://andreymashkin.ru/disk/share/ppa4glhpXoaPx,
–ü–∞—Ä–∫–æ–≤–∫–∞,?,–ë–µ–∑ –∫–∞—Ç–µ–≥–æ—Ä–∏–∏,,–ü–∞—Ä–∫–æ–≤–∫–∞,–ù–µ—Ç,–ø–æ–¥—Ä–æ–±–Ω–µ–µ –æ –ø–∞—Ä–∫–æ–≤–∫–µ https://jive.croc.ru/community/knowledge/everyday/social/parkovka-krok,,,,,,
–ü–∞—Ä–∫–æ–≤–∫–∞,?,–°–µ—Ä–≤–∏—Å ,,–í–µ–ª–æ–ø–∞—Ä–∫–æ–≤–∫–∞ ,??,"–¢–æ—á–∫–∞ –ø–∞—Ä–∫–∏–Ω–≥–∞ –∏ –ø—Ä–æ–∫–∞—Ç–∞ –≤–µ–ª–æ—Å–∏–ø–µ–¥–æ–≤
",,,–ü–æ–¥—Ä–æ–±–Ω–µ–µ –æ –ø—Ä–æ–∫–∞—Ç–µ –≤–µ–ª–æ—Å–∏–ø–µ–¥–æ–≤ https://jive.croc.ru/community/knowledge/everyday/corporate/sport/zelyonye-velosipedy-krok,,https://andreymashkin.ru/disk/share/Era2zvubQz3pX,
–ü–∞—Ä–∫–æ–≤–∫–∞,?,–°–µ—Ä–≤–∏—Å ,,–¢–æ—á–∫–∏ –∑–∞—Ä—è–¥–∫–∏ —ç–ª–µ–∫—Ç—Ä–æ–º–æ–±–∏–ª–µ–π ,??,"–¢–æ—á–∫–∞ –∑–∞—Ä—è–¥–∫–∏ —ç–ª–µ–∫—Ç—Ä–æ–º–æ–±–∏–ª—è 
",,,"–î–ª—è —Ç–æ–≥–æ —á—Ç–æ–±—ã –≤–æ—Å–ø–æ–ª—å–∑–æ–≤–∞—Ç—å—Å—è –∑–∞—Ä—è–¥–Ω—ã–º —É—Å—Ç—Ä–æ–π—Å—Ç–≤–æ–º, –ø–æ–∂–∞–ª—É–π—Å—Ç–∞, –∑–∞—Ä–∞–Ω–µ–µ —Å–æ–≥–ª–∞—Å—É–π—Ç–µ –≤—Ä–µ–º—è –∑–∞—Ä—è–¥–∫–∏ –∞–≤—Ç–æ–º–æ–±–∏–ª—è –≤ Telegram-—á–∞—Ç–µ. 
–≠—Ç–æ –ø–æ–º–æ–∂–µ—Ç —ç—Ñ—Ñ–µ–∫—Ç–∏–≤–Ω–µ–µ —Ä–∞—Å–ø—Ä–µ–¥–µ–ª–∏—Ç—å –≤—Ä–µ–º—è –∏—Å–ø–æ–ª—å–∑–æ–≤–∞–Ω–∏—è –∑–∞—Ä—è–¥–æ–∫ –º–µ–∂–¥—É –≤—Å–µ–º–∏ –∑–∞–∏–Ω—Ç–µ—Ä–µ—Å–æ–≤–∞–Ω–Ω—ã–º–∏.

–ù–∞–¥–µ–µ–º—Å—è, —á—Ç–æ –ø–æ–µ–∑–¥–∫–∏ –Ω–∞ —Ä–∞–±–æ—Ç—É —Å—Ç–∞–Ω—É—Ç –±–æ–ª–µ–µ —É–¥–æ–±–Ω—ã–º–∏ –∏ —ç–∫–æ–ª–æ–≥–∏—á–Ω—ã–º–∏ üå±",,"–ø—Ä–æ—Å—Ç–æ —Ç–æ—á–∫–∏ –ø–æ—Å—Ç–∞–≤–∏—Ç—å , –∫–∞—Ä—Ç—É —Ä–∞–Ω–µ–µ –æ—Ç–ø—Ä–∞–≤–ª—è–ª–∞ ",
–ë–µ—Ç–∞,1,–ë–µ–∑ –∫–∞—Ç–µ–≥–æ—Ä–∏–∏,,–í—Ö–æ–¥–Ω–∞—è –≥—Ä—É–ø–ø–∞ ,–î–∞,"–ó–ê–û ¬´–ö–†–û–ö –∏–Ω–∫–æ—Ä–ø–æ—Ä–µ–π—Ç–µ–¥¬ª
https://www.croc.ru",,,,,https://andreymashkin.ru/disk/share/WOMWqau3Kqr4z,
–ë–µ—Ç–∞,1,–°–µ—Ä–≤–∏—Å ,–¢—É—Ä–Ω–∏–∫–µ—Ç,–¢—É—Ä–Ω–∏–∫–µ—Ç —Å NFC –ø—Ä–æ—Ö–æ–¥–æ–º ,–ù–µ—Ç,"–í–æ–∑–º–æ–∂–Ω–æ—Å—Ç—å –ø—Ä–æ—Ö–æ–¥–∞ –≤ –æ—Ñ–∏—Å –±–µ–∑ –∏—Å–ø–æ–ª—å–∑–æ–≤–∞–Ω–∏—è –ø–ª–∞—Å—Ç–∏–∫–æ–≤–æ–π –∫–∞—Ä—Ç—ã-–ø—Ä–æ–ø—É—Å–∫–∞, –∞ —á–µ—Ä–µ–∑ –∏–¥–µ–Ω—Ç–∏—Ñ–∏–∫–∞—Ü–∏—é —Å –ø–µ—Ä–µ–¥–∞—á–µ–π –Ω–æ–º–µ—Ä–∞ –∫–∞—Ä—Ç—ã –ø–æ NFC/BLE —Å–º–∞—Ä—Ç—Ñ–æ–Ω–∞.",,,https://jive.croc.ru/community/knowledge/everyday/social/proxod-v-ofis-s-pomoshhyu-telefona,,–ü—Ä–æ—Å—Ç–æ  –ø–æ—Å—Ç–∞–≤–∏—Ç—å —Ç–æ—á–∫—É –ª–æ–∫–∞—Ü–∏–∏ –≤–æ –≤—Ö–æ–¥–Ω–æ–π –≥—Ä—É–ø–ø–µ,
–ë–µ—Ç–∞,1,–ü–∏—Ç–∞–Ω–∏–µ ,,–ö–†–û–ö –∫–æ—Ñ–µ (–∫–æ—Ñ–µ-—Ç–æ—á–∫–∞ –Ω–∞ –∫–∞—Ä—Ç–µ),–î–∞,"–¢–æ—á–∫–∞ –ø–æ–¥–∑–∞—Ä—è–¥–∫–∏ –≤–∫—É—Å–Ω—ã–º –∫–æ—Ñ–µ
",,,,–ì—Ä–∞—Ñ–∏–∫ —Ä–∞–±–æ—Ç—ã: –ø–æ–Ω–µ–¥–µ–ª—å–Ω–∏–∫ –ø—è—Ç–Ω–∏—Ü–∞ —Å 8:00 –¥–æ 19:00,https://andreymashkin.ru/disk/share/eeVndbCkDv3zb,—Ñ–æ—Ç–æ —Ç–∏–ø–æ–≤–æ–µ 
–ë–µ—Ç–∞,1,–ü–∏—Ç–∞–Ω–∏–µ ,,–í–µ–Ω–¥–∏–Ω–≥ ,–î–∞,"–ë—ã—Å—Ç—Ä—ã–π –ø–µ—Ä–µ–∫—É—Å –∏–ª–∏ –ø–æ–ª–Ω–æ—Ü–µ–Ω–Ω—ã–π –æ–±–µ–¥ –≤ ¬´—à–∞–≥–æ–≤–æ–π¬ª –¥–æ—Å—Ç—É–ø–Ω–æ—Å—Ç–∏.
1 —ç—Ç–∞–∂ 
",,"–î–ª—è –≤–µ–Ω–¥–∏–Ω–≥–∞ –û–° - foodfeedback@croc.ru
",,–ö—Ä—É–≥–ª–æ—Å—É—Ç–æ—á–Ω–æ,"https://yandex.ru/images/search?from=tabbar&img_url=https%3A%2F%2Fwww.niasam.ru%2F221783_i_gallerybig.jpg&lr=213&pos=1&rpt=simage&text=%D0%BA%D0%B0%D1%80%D1%82%D0%B8%D0%BD%D0%BA%D0%B0%20%D0%B1%D0%B0%D0%BD%D0%BA%D0%BE%D0%BC%D0%B0%D1%82%D0%B0%20
https://yandex.ru/images/search?from=tabbar&img_url=https%3A%2F%2Fimg.freepik.com%2Fpremium-vector%2Fvending-machine-snack-drink_6427-85.jpg%3Fw%3D2000&lr=213&pos=0&rpt=simage&text=%D0%BA%D0%B0%D1%80%D1%82%D0%B8%D0%BD%D0%BA%D0%B0%20%D0%B2%D0%B5%D0%BD%D0%B4%D0%B8%D0%BD%D0%B3%D0%B0",–∫–∞—Ä—Ç–∏–Ω–∫–∏ –ø—Ä–µ–¥–ª–∞–≥–∞—é —Å–¥–µ–ª–∞—Ç—å –±–µ–∑ –ª–æ–≥–æ 9 –∏ –Ω–∞ –±–∞–Ω–∫–æ–º–∞—Ç—ã –∏ –Ω–∞ –≤–µ–Ω–¥–∏–Ω–≥ ) –º–∞–ª–æ –ª–∏ –±—É–¥—É—Ç –∑–∞–º–µ–Ω—ã. –ú–æ–∂–Ω–æ –∫–æ–º–º–µ–Ω—Ç—ã —É–∫–∞–∑–∞—Ç—å –≤ –¥–æ–ø.–∏–Ω—Ñ–æ—Ä–º–∞—Ü–∏–∏  
–ë–µ—Ç–∞,1,–°–µ—Ä–≤–∏—Å ,,–ì–∞—Ä–¥–µ—Ä–æ–±,–î–∞,"–ì–∞—Ä–¥–µ—Ä–æ–± –ø—Ä–µ–¥–Ω–∞–∑–Ω–∞—á–µ–Ω –¥–ª—è —Ö—Ä–∞–Ω–µ–Ω–∏—è –≤–µ—Ä—Ö–Ω–µ–π –æ–¥–µ–∂–¥—ã, –∞ —Ç–∞–∫–∂–µ –æ–±—É–≤–∏ –≤ –ø–∞–∫–µ—Ç–∞—Ö
",,FieldService@croc.ru,,–ö—Ä—É–≥–ª–æ—Å—É—Ç–æ—á–Ω–æ,https://andreymashkin.ru/disk/share/VOK6mPu3ymbW1,
–ë–µ—Ç–∞,1,–°–µ—Ä–≤–∏—Å ,,"–õ–∏—Ñ—Ç—ã (–ø–æ–¥—Å–≤–µ—Ç–∏—Ç—å —Ç–æ–ª—å–∫–æ 1 —ç—Ç–∞–∂ –∫–æ–æ–ø—É—Å–∞ 1 –∏ 3 , –¥–ª—è –∏–Ω—Ñ–æ—Ä–º–∞—Ü–∏–∏) 
–ï—Å—Ç—å –±–æ–ª—å—à–æ–π –∏ –º–∞–ª—ã–π –ª–∏—Ñ—Ç–æ–≤–æ–π —Ö–æ–ª–ª 9–æ–±—Ä–∞—Ç–∏—Ç—å –≤–Ω–∏–º–∞–Ω–∏–µ)",–î–∞,"–ü—Ä–∏ –∑–∞—Å—Ç—Ä–µ–≤–∞–Ω–∏–∏ –≤ –ª–∏—Ñ—Ç–µ —Å–æ–±–ª—é–¥–∞–π—Ç–µ —Å–ø–æ–∫–æ–π—Å—Ç–≤–∏–µ –∏ –¥–µ–π—Å—Ç–≤—É–π—Ç–µ —Å–æ–≥–ª–∞—Å–Ω–æ –∏–Ω—Å—Ç—Ä—É–∫—Ü–∏–∏, —Ä–∞—Å–ø–æ–ª–æ–∂–µ–Ω–Ω–æ–π –Ω–∞ –ø–∞–Ω–µ–ª–∏ —É–ø—Ä–∞–≤–ª–µ–Ω–∏—è –≤ –∫–∞–∂–¥–æ–º –ª–∏—Ñ—Ç–µ.

–ü—Ä–∏ –Ω–µ–∏—Å–ø—Ä–∞–≤–Ω–æ—Å—Ç–∏ –ª–∏—Ñ—Ç–∞ —Å–ª–µ–¥—É–µ—Ç:
–Ω–∞–∂–∞—Ç—å –∫–æ–ª–æ–∫–æ–ª—å—á–∏–∫ –∏ –æ–ø–∏—Å–∞—Ç—å
—Å–∏—Ç—É–∞—Ü–∏—é –¥–∏—Å–ø–µ—Ç—á–µ—Ä—É
–õ–ò–ë–û
–ø–æ–∑–≤–æ–Ω–∏—Ç—å 8 (495) 974-22-74
–¥–æ–± 83-02, 83-03, –∫—Ä—É–≥–ª–æ—Å—É—Ç–æ—á–Ω–æ
–õ–ò–ë–û
–ø–æ–∑–≤–æ–Ω–∏—Ç—å –¥–µ–∂—É—Ä–Ω–æ–º—É –ª–∏—Ñ—Ç–µ—Ä—É
–û–û–û ¬´–õ–∏—Ñ—Ç–ö–æ–º–ø–ª–µ–∫—Å¬ª 8 (495) 974-22-74
–¥–æ–± 83-01.",,FieldService@croc.ru,,–ö—Ä—É–≥–ª–æ—Å—É—Ç–æ—á–Ω–æ ,https://andreymashkin.ru/disk/share/y0rVxlSZKk8Xo,"–æ–±–æ–∑–Ω–∞—á–∏—Ç—å , —á—Ç–æ —Ñ–æ—Ç–æ —Ç–∏–ø–æ–≤–æ–µ "
–ë–µ—Ç–∞,2,–ü–µ—Ä–µ–≥–æ–≤–æ—Ä–Ω—ã–µ ,203,–ö–æ–Ω—Ñ–µ—Ä–µ–Ω—Ü-–∑–∞–ª,–î–∞,"–ë—Ä–æ–Ω–∏—Ä—É–π —á–µ—Ä–µ–∑ –∫–∞–ª–µ–Ω–¥–∞—Ä—å –≤ Outlook
–∏–ª–∏ –≤ @CrocLiveBot.",–í–º–µ—Å—Ç–∏–º–æ—Å—Ç—å 70  —á–µ–ª,"–í–æ –≤–æ–ø—Ä–æ—Å–∞–º –æ–±–æ—Ä—É–¥–æ–≤–∞–Ω–∏—è: HelpDesk@croc.ru

–ü–æ –≤–æ–ø—Ä–æ—Å–∞–º –æ—Ä–≥–∞–Ω–∏–∑–∞—Ü–∏–∏ –≤—Å—Ç—Ä–µ—á –∏ –∫–∞–Ω—Ü–µ–ª—è—Ä–∏–∏ : Receptions_Group@croc.ru",,,https://andreymashkin.ru/disk/share/zoqVAmHJ711q7,
–ë–µ—Ç–∞,2,–ü–µ—Ä–µ–≥–æ–≤–æ—Ä–Ω—ã–µ ,203 –∞ , –£—á–µ–±–Ω—ã–π –∫–ª–∞—Å—Å ,??,"–ë—Ä–æ–Ω–∏—Ä—É–π —á–µ—Ä–µ–∑ –∫–∞–ª–µ–Ω–¥–∞—Ä—å –≤ Outlook
–∏–ª–∏ –≤ @CrocLiveBot.",–í–º–µ—Å—Ç–∏–º–æ—Å—Ç—å 25 —á–µ–ª,"–í–æ –≤–æ–ø—Ä–æ—Å–∞–º –æ–±–æ—Ä—É–¥–æ–≤–∞–Ω–∏—è: HelpDesk@croc.ru

–ü–æ –≤–æ–ø—Ä–æ—Å–∞–º –æ—Ä–≥–∞–Ω–∏–∑–∞—Ü–∏–∏ –≤—Å—Ç—Ä–µ—á –∏ –∫–∞–Ω—Ü–µ–ª—è—Ä–∏–∏ : Receptions_Group@croc.ru",,,,
–ë–µ—Ç–∞,2,–ü–µ—Ä–µ–≥–æ–≤–æ—Ä–Ω—ã–µ ,201,–ö–æ–Ω—Ñ–µ—Ä–µ–Ω—Ü-–∑–∞–ª,–ù–µ—Ç,"–ë—Ä–æ–Ω–∏—Ä—É–π —á–µ—Ä–µ–∑ –∫–∞–ª–µ–Ω–¥–∞—Ä—å –≤ Outlook
–∏–ª–∏ –≤ @CrocLiveBot.",–í–º–µ—Å—Ç–∏–º–æ—Å—Ç—å 20 —á–µ–ª,"–í–æ –≤–æ–ø—Ä–æ—Å–∞–º –æ–±–æ—Ä—É–¥–æ–≤–∞–Ω–∏—è: HelpDesk@croc.ru

–ü–æ –≤–æ–ø—Ä–æ—Å–∞–º –æ—Ä–≥–∞–Ω–∏–∑–∞—Ü–∏–∏ –≤—Å—Ç—Ä–µ—á –∏ –∫–∞–Ω—Ü–µ–ª—è—Ä–∏–∏ : Receptions_Group@croc.ru",,,,
–ë–µ—Ç–∞,2,–ü–∏—Ç–∞–Ω–∏–µ ,,–°—Ç–æ–ª–æ–≤–∞—è ,–î–∞,"–°—Ç–æ–ª–æ–≤–∞—è –ø–æ–ª–Ω–æ–≥–æ —Ü–∏–∫–ª–∞ –¥–ª—è –ø–∏—Ç–∞–Ω–∏—è —Å–æ—Ç—Ä—É–¥–Ω–∏–∫–æ–≤ –∏ –≥–æ—Å—Ç–µ–π –ö–†–û–ö
–û—Å–Ω–æ–≤–Ω–æ–π –∑–∞–ª
–ú—è–≥–∫–∞—è –∑–æ–Ω–∞ ",,foodfeedback@croc.ru,https://jive.croc.ru/community/knowledge/everyday/social/lunch,—Å 8:30 –¥–æ 17:00,"https://andreymashkin.ru/disk/share/WOMWqau3KqrbO
https://andreymashkin.ru/disk/share/02XRVKuegZYPW
https://andreymashkin.ru/disk/share/7KAD3WueOqbX1
https://andreymashkin.ru/disk/share/XRYPVXsKyVvXR",
–ë–µ—Ç–∞,2,–°–µ—Ä–≤–∏—Å ,,–±–∞–Ω–∫–æ–º–∞—Ç,–ù–µ—Ç,"–ë–∞–Ω–∫–æ–º–∞—Ç: –°–±–µ—Ä–±–∞–Ω–∫, —Ä–∞–±–æ—Ç–∞–µ—Ç –Ω–∞ –≤–Ω–µ—Å–µ–Ω–∏–µ –∏ —Å–Ω—è—Ç–∏–µ –Ω–∞–ª–∏—á–Ω—ã—Ö –¥–µ–Ω–µ–∂–Ω—ã—Ö —Å—Ä–µ–¥—Å—Ç–≤ ",,,,,https://yandex.ru/images/search?from=tabbar&img_url=https%3A%2F%2Fimg.freepik.com%2Fpremium-vector%2Fvending-machine-snack-drink_6427-85.jpg%3Fw%3D2000&lr=213&pos=0&rpt=simage&text=%D0%BA%D0%B0%D1%80%D1%82%D0%B8%D0%BD%D0%BA%D0%B0%20%D0%B2%D0%B5%D0%BD%D0%B4%D0%B8%D0%BD%D0%B3%D0%B0,
–ë–µ—Ç–∞,3,–ü–µ—Ä–µ–≥–æ–≤–æ—Ä–Ω—ã–µ ,311,–ü–µ—Ä–µ–≥–æ–≤–æ—Ä–Ω–∞—è ,–î–∞,"–ë—Ä–æ–Ω–∏—Ä—É–π —á–µ—Ä–µ–∑ –∫–∞–ª–µ–Ω–¥–∞—Ä—å –≤ Outlook
–∏–ª–∏ –≤ @CrocLiveBot.","–ñ–ö-–ø–∞–Ω–µ–ª—å, —Ç–µ–ª–µ—Ñ–æ–Ω
–í–º–µ—Å—Ç–∏–º–æ—Å—Ç—å 9 —á–µ–ª","–í–æ –≤–æ–ø—Ä–æ—Å–∞–º –æ–±–æ—Ä—É–¥–æ–≤–∞–Ω–∏—è: HelpDesk@croc.ru

–ü–æ –≤–æ–ø—Ä–æ—Å–∞–º –æ—Ä–≥–∞–Ω–∏–∑–∞—Ü–∏–∏ –≤—Å—Ç—Ä–µ—á –∏ –∫–∞–Ω—Ü–µ–ª—è—Ä–∏–∏ : Receptions_Group@croc.ru",,,,
–ë–µ—Ç–∞,3,–ü–µ—Ä–µ–≥–æ–≤–æ—Ä–Ω—ã–µ ,315,–ü–µ—Ä–µ–≥–æ–≤–æ—Ä–Ω–∞—è ,–î–∞,"–ë—Ä–æ–Ω–∏—Ä—É–π —á–µ—Ä–µ–∑ –∫–∞–ª–µ–Ω–¥–∞—Ä—å –≤ Outlook
–∏–ª–∏ –≤ @CrocLiveBot.","–ñ–ö-–ø–∞–Ω–µ–ª—å, —Ç–µ–ª–µ—Ñ–æ–Ω
–í–º–µ—Å—Ç–∏–º–æ—Å—Ç—å 4 —á–µ–ª","–í–æ –≤–æ–ø—Ä–æ—Å–∞–º –æ–±–æ—Ä—É–¥–æ–≤–∞–Ω–∏—è: HelpDesk@croc.ru

–ü–æ –≤–æ–ø—Ä–æ—Å–∞–º –æ—Ä–≥–∞–Ω–∏–∑–∞—Ü–∏–∏ –≤—Å—Ç—Ä–µ—á –∏ –∫–∞–Ω—Ü–µ–ª—è—Ä–∏–∏ : Receptions_Group@croc.ru",,,,
–ë–µ—Ç–∞,3,–ü–µ—Ä–µ–≥–æ–≤–æ—Ä–Ω—ã–µ ,317,–ü–µ—Ä–µ–≥–æ–≤–æ—Ä–Ω–∞—è ,–î–∞,"–ë—Ä–æ–Ω–∏—Ä—É–π —á–µ—Ä–µ–∑ –∫–∞–ª–µ–Ω–¥–∞—Ä—å –≤ Outlook
–∏–ª–∏ –≤ @CrocLiveBot.","–ñ–ö-–ø–∞–Ω–µ–ª—å, —Ç–µ–ª–µ—Ñ–æ–Ω
–í–º–µ—Å—Ç–∏–º–æ—Å—Ç—å 10 —á–µ–ª","–í–æ –≤–æ–ø—Ä–æ—Å–∞–º –æ–±–æ—Ä—É–¥–æ–≤–∞–Ω–∏—è: HelpDesk@croc.ru

–ü–æ –≤–æ–ø—Ä–æ—Å–∞–º –æ—Ä–≥–∞–Ω–∏–∑–∞—Ü–∏–∏ –≤—Å—Ç—Ä–µ—á –∏ –∫–∞–Ω—Ü–µ–ª—è—Ä–∏–∏ : Receptions_Group@croc.ru",,,,
–ë–µ—Ç–∞,4,–ó–¥–æ—Ä–æ–≤—å–µ,416,–ö–∞–±–∏–Ω–µ—Ç –≤—Ä–∞—á–∞,–î–∞,"–ü—Ä–∏–µ–º –ø—Ä–æ–≤–æ–¥–∏—Ç –≤—Ä–∞—á –æ–±—â–µ–π –ø—Ä–∞–∫—Ç–∏–∫–∏ –î—Ä—é–∫–æ–≤–∞ –ê–Ω–Ω–∞ –í–∏–∫—Ç–æ—Ä–æ–≤–Ω–∞ 
",,ndemidova@croc.ru,https://jive.croc.ru/community/knowledge/everyday/social/%D0%B7%D0%B0%D0%BF%D0%B8%D1%81%D1%8C-%D0%BD%D0%B0-%D0%BF%D1%80%D0%B8%D0%B5%D0%BC-%D0%BA-%D0%B2%D1%80%D0%B0%D1%87%D1%83,"–ì—Ä–∞—Ñ–∏–∫: –ø–æ —Å—Ä–µ–¥–∞–º - —Å 14.30 –¥–æ 20.00, –ø–æ –ø—è—Ç–Ω–∏—Ü–∞–º - —Å 9.00 –¥–æ 13.00","https://andreymashkin.ru/disk/share/4KvpGYu59bbgz
https://andreymashkin.ru/disk/share/OZqQBnu56BBgn",
–ë–µ—Ç–∞,4,–ü–µ—Ä–µ–≥–æ–≤–æ—Ä–Ω—ã–µ ,417,–ü–µ—Ä–µ–≥–æ–≤–æ—Ä–Ω–∞—è ,–î–∞,"–ë—Ä–æ–Ω–∏—Ä—É–π —á–µ—Ä–µ–∑ –∫–∞–ª–µ–Ω–¥–∞—Ä—å –≤ Outlook
–∏–ª–∏ –≤ @CrocLiveBot.","–ñ–ö-–ø–∞–Ω–µ–ª—å, —Ñ–ª–∏–ø—á–∞—Ä—Ç 
–í–º–µ—Å—Ç–∏–º–æ—Å—Ç—å 6 —á–µ–ª","–í–æ –≤–æ–ø—Ä–æ—Å–∞–º –æ–±–æ—Ä—É–¥–æ–≤–∞–Ω–∏—è: HelpDesk@croc.ru

–ü–æ –≤–æ–ø—Ä–æ—Å–∞–º –æ—Ä–≥–∞–Ω–∏–∑–∞—Ü–∏–∏ –≤—Å—Ç—Ä–µ—á –∏ –∫–∞–Ω—Ü–µ–ª—è—Ä–∏–∏ : Receptions_Group@croc.ru",,,,
–ë–µ—Ç–∞,5,–ü–µ—Ä–µ–≥–æ–≤–æ—Ä–Ω—ã–µ ,512,–ü–µ—Ä–µ–≥–æ–≤–æ—Ä–Ω–∞—è ,–î–∞,"–ë—Ä–æ–Ω–∏—Ä—É–π —á–µ—Ä–µ–∑ –∫–∞–ª–µ–Ω–¥–∞—Ä—å –≤ Outlook
–∏–ª–∏ –≤ @CrocLiveBot.","–ñ–ö-–ø–∞–Ω–µ–ª—å
–í–º–µ—Å—Ç–∏–º–æ—Å—Ç—å 10 —á–µ–ª","–í–æ –≤–æ–ø—Ä–æ—Å–∞–º –æ–±–æ—Ä—É–¥–æ–≤–∞–Ω–∏—è: HelpDesk@croc.ru

–ü–æ –≤–æ–ø—Ä–æ—Å–∞–º –æ—Ä–≥–∞–Ω–∏–∑–∞—Ü–∏–∏ –≤—Å—Ç—Ä–µ—á –∏ –∫–∞–Ω—Ü–µ–ª—è—Ä–∏–∏ : Receptions_Group@croc.ru",,,,
–ë–µ—Ç–∞,5,–ü–µ—Ä–µ–≥–æ–≤–æ—Ä–Ω—ã–µ ,511,–ü–µ—Ä–µ–≥–æ–≤–æ—Ä–Ω–∞—è ,–ù–µ—Ç –∏–Ω—Ñ—ã —Ç—É—Ç ,,,,,,,
–ë–µ—Ç–∞,5,–ü–µ—Ä–µ–≥–æ–≤–æ—Ä–Ω—ã–µ ,513,–ü–µ—Ä–µ–≥–æ–≤–æ—Ä–Ω–∞—è ,–ù–µ—Ç –∏–Ω—Ñ—ã —Ç—É—Ç ,,,,,,,
–ë–µ—Ç–∞,5,–ü–µ—Ä–µ–≥–æ–≤–æ—Ä–Ω—ã–µ ,517,–ü–µ—Ä–µ–≥–æ–≤–æ—Ä–Ω–∞—è ,–ù–µ—Ç –∏–Ω—Ñ—ã —Ç—É—Ç ,,,,,,,
–ë–µ—Ç–∞,6,–ü–µ—Ä–µ–≥–æ–≤–æ—Ä–Ω—ã–µ ,611,–ü–µ—Ä–µ–≥–æ–≤–æ—Ä–Ω–∞—è ,–î–∞,"–ë—Ä–æ–Ω–∏—Ä—É–π —á–µ—Ä–µ–∑ –∫–∞–ª–µ–Ω–¥–∞—Ä—å –≤ Outlook
–∏–ª–∏ –≤ @CrocLiveBot.","
–í–º–µ—Å—Ç–∏–º–æ—Å—Ç—å 6 —á–µ–ª","–í–æ –≤–æ–ø—Ä–æ—Å–∞–º –æ–±–æ—Ä—É–¥–æ–≤–∞–Ω–∏—è: HelpDesk@croc.ru

–ü–æ –≤–æ–ø—Ä–æ—Å–∞–º –æ—Ä–≥–∞–Ω–∏–∑–∞—Ü–∏–∏ –≤—Å—Ç—Ä–µ—á –∏ –∫–∞–Ω—Ü–µ–ª—è—Ä–∏–∏ : Receptions_Group@croc.ru",,,,
–ë–µ—Ç–∞,6,–ü–µ—Ä–µ–≥–æ–≤–æ—Ä–Ω—ã–µ ,612,–ü–µ—Ä–µ–≥–æ–≤–æ—Ä–Ω–∞—è ,–ù–µ—Ç,"–ë—Ä–æ–Ω–∏—Ä—É–π —á–µ—Ä–µ–∑ –∫–∞–ª–µ–Ω–¥–∞—Ä—å –≤ Outlook
–∏–ª–∏ –≤ @CrocLiveBot.","
–í–º–µ—Å—Ç–∏–º–æ—Å—Ç—å 10 —á–µ–ª","–í–æ –≤–æ–ø—Ä–æ—Å–∞–º –æ–±–æ—Ä—É–¥–æ–≤–∞–Ω–∏—è: HelpDesk@croc.ru

–ü–æ –≤–æ–ø—Ä–æ—Å–∞–º –æ—Ä–≥–∞–Ω–∏–∑–∞—Ü–∏–∏ –≤—Å—Ç—Ä–µ—á –∏ –∫–∞–Ω—Ü–µ–ª—è—Ä–∏–∏ : Receptions_Group@croc.ru",,,,
–ë–µ—Ç–∞,6,–ü–µ—Ä–µ–≥–æ–≤–æ—Ä–Ω—ã–µ ,615,–ü–µ—Ä–µ–≥–æ–≤–æ—Ä–Ω–∞—è ,–î–∞,"–ë—Ä–æ–Ω–∏—Ä—É–π —á–µ—Ä–µ–∑ –∫–∞–ª–µ–Ω–¥–∞—Ä—å –≤ Outlook
–∏–ª–∏ –≤ @CrocLiveBot.","
–í–º–µ—Å—Ç–∏–º–æ—Å—Ç—å 4 —á–µ–ª","–í–æ –≤–æ–ø—Ä–æ—Å–∞–º –æ–±–æ—Ä—É–¥–æ–≤–∞–Ω–∏—è: HelpDesk@croc.ru

–ü–æ –≤–æ–ø—Ä–æ—Å–∞–º –æ—Ä–≥–∞–Ω–∏–∑–∞—Ü–∏–∏ –≤—Å—Ç—Ä–µ—á –∏ –∫–∞–Ω—Ü–µ–ª—è—Ä–∏–∏ : Receptions_Group@croc.ru",,,,
–ë–µ—Ç–∞,6,–ü–µ—Ä–µ–≥–æ–≤–æ—Ä–Ω—ã–µ ,617,–ü–µ—Ä–µ–≥–æ–≤–æ—Ä–Ω–∞—è ,–ù–µ—Ç,"–ë—Ä–æ–Ω–∏—Ä—É–π —á–µ—Ä–µ–∑ –∫–∞–ª–µ–Ω–¥–∞—Ä—å –≤ Outlook
–∏–ª–∏ –≤ @CrocLiveBot.","
–í–º–µ—Å—Ç–∏–º–æ—Å—Ç—å 10 —á–µ–ª","–í–æ –≤–æ–ø—Ä–æ—Å–∞–º –æ–±–æ—Ä—É–¥–æ–≤–∞–Ω–∏—è: HelpDesk@croc.ru

–ü–æ –≤–æ–ø—Ä–æ—Å–∞–º –æ—Ä–≥–∞–Ω–∏–∑–∞—Ü–∏–∏ –≤—Å—Ç—Ä–µ—á –∏ –∫–∞–Ω—Ü–µ–ª—è—Ä–∏–∏ : Receptions_Group@croc.ru",,,,
–ë–µ—Ç–∞,7,–ü–µ—Ä–µ–≥–æ–≤–æ—Ä–Ω—ã–µ ,701,–ü–µ—Ä–µ–≥–æ–≤–æ—Ä–Ω–∞—è ,–ù–µ—Ç –∏–Ω—Ñ—ã —Ç—É—Ç ,,,,,,,
–ë–µ—Ç–∞,7,–ü–µ—Ä–µ–≥–æ–≤–æ—Ä–Ω—ã–µ ,715,–ü–µ—Ä–µ–≥–æ–≤–æ—Ä–Ω–∞—è ,–î–∞,"–ë—Ä–æ–Ω–∏—Ä—É–π —á–µ—Ä–µ–∑ –∫–∞–ª–µ–Ω–¥–∞—Ä—å –≤ Outlook
–∏–ª–∏ –≤ @CrocLiveBot.","
–í–º–µ—Å—Ç–∏–º–æ—Å—Ç—å 3 —á–µ–ª","–í–æ –≤–æ–ø—Ä–æ—Å–∞–º –æ–±–æ—Ä—É–¥–æ–≤–∞–Ω–∏—è: HelpDesk@croc.ru

–ü–æ –≤–æ–ø—Ä–æ—Å–∞–º –æ—Ä–≥–∞–Ω–∏–∑–∞—Ü–∏–∏ –≤—Å—Ç—Ä–µ—á –∏ –∫–∞–Ω—Ü–µ–ª—è—Ä–∏–∏ : Receptions_Group@croc.ru",,,,
–ë–µ—Ç–∞,7,–ü–µ—Ä–µ–≥–æ–≤–æ—Ä–Ω—ã–µ ,717,–ü–µ—Ä–µ–≥–æ–≤–æ—Ä–Ω–∞—è ,–î–∞,"–ë—Ä–æ–Ω–∏—Ä—É–π —á–µ—Ä–µ–∑ –∫–∞–ª–µ–Ω–¥–∞—Ä—å –≤ Outlook
–∏–ª–∏ –≤ @CrocLiveBot.","
–í–º–µ—Å—Ç–∏–º–æ—Å—Ç—å 3 —á–µ–ª","–í–æ –≤–æ–ø—Ä–æ—Å–∞–º –æ–±–æ—Ä—É–¥–æ–≤–∞–Ω–∏—è: HelpDesk@croc.ru

–ü–æ –≤–æ–ø—Ä–æ—Å–∞–º –æ—Ä–≥–∞–Ω–∏–∑–∞—Ü–∏–∏ –≤—Å—Ç—Ä–µ—á –∏ –∫–∞–Ω—Ü–µ–ª—è—Ä–∏–∏ : Receptions_Group@croc.ru",,,,
–ë–µ—Ç–∞,8,–ü–µ—Ä–µ–≥–æ–≤–æ—Ä–Ω—ã–µ ,803,–ü–µ—Ä–µ–≥–æ–≤–æ—Ä–Ω–∞—è ,–ù–µ—Ç –∏–Ω—Ñ—ã —Ç—É—Ç ,"–ë—Ä–æ–Ω–∏—Ä—É–π —á–µ—Ä–µ–∑ –∫–∞–ª–µ–Ω–¥–∞—Ä—å –≤ Outlook
–∏–ª–∏ –≤ @CrocLiveBot.","
–í–º–µ—Å—Ç–∏–º–æ—Å—Ç—å 4 —á–µ–ª","–í–æ –≤–æ–ø—Ä–æ—Å–∞–º –æ–±–æ—Ä—É–¥–æ–≤–∞–Ω–∏—è: HelpDesk@croc.ru

–ü–æ –≤–æ–ø—Ä–æ—Å–∞–º –æ—Ä–≥–∞–Ω–∏–∑–∞—Ü–∏–∏ –≤—Å—Ç—Ä–µ—á –∏ –∫–∞–Ω—Ü–µ–ª—è—Ä–∏–∏ : Receptions_Group@croc.ru",,,,
–ë–µ—Ç–∞,8,–ü–µ—Ä–µ–≥–æ–≤–æ—Ä–Ω—ã–µ ,808,–ü–µ—Ä–µ–≥–æ–≤–æ—Ä–Ω–∞—è ,–ù–µ—Ç –∏–Ω—Ñ—ã —Ç—É—Ç ,"–ë—Ä–æ–Ω–∏—Ä—É–π —á–µ—Ä–µ–∑ –∫–∞–ª–µ–Ω–¥–∞—Ä—å –≤ Outlook
–∏–ª–∏ –≤ @CrocLiveBot.","
–í–º–µ—Å—Ç–∏–º–æ—Å—Ç—å 8 —á–µ–ª","–í–æ –≤–æ–ø—Ä–æ—Å–∞–º –æ–±–æ—Ä—É–¥–æ–≤–∞–Ω–∏—è: HelpDesk@croc.ru

–ü–æ –≤–æ–ø—Ä–æ—Å–∞–º –æ—Ä–≥–∞–Ω–∏–∑–∞—Ü–∏–∏ –≤—Å—Ç—Ä–µ—á –∏ –∫–∞–Ω—Ü–µ–ª—è—Ä–∏–∏ : Receptions_Group@croc.ru",,,,
–ë–µ—Ç–∞,8,–ü–µ—Ä–µ–≥–æ–≤–æ—Ä–Ω—ã–µ ,810,–õ–µ–∫—Ç–æ—Ä–∏–π,–ù–µ—Ç –∏–Ω—Ñ—ã —Ç—É—Ç ,"–ë—Ä–æ–Ω–∏—Ä—É–π —á–µ—Ä–µ–∑ –∫–∞–ª–µ–Ω–¥–∞—Ä—å –≤ Outlook
–∏–ª–∏ –≤ @CrocLiveBot.","
–í–º–µ—Å—Ç–∏–º–æ—Å—Ç—å 10 —á–µ–ª –ø–ª—é—Å –∑–æ–Ω–∞ —Å–≤–æ–±–æ–¥–Ω–æ–π —Ä–∞—Å—Å–∞–¥–∫–∏ 5-10 —á–µ–ª–æ–≤–µ–∫ ","–í–æ –≤–æ–ø—Ä–æ—Å–∞–º –æ–±–æ—Ä—É–¥–æ–≤–∞–Ω–∏—è: HelpDesk@croc.ru

–ü–æ –≤–æ–ø—Ä–æ—Å–∞–º –æ—Ä–≥–∞–Ω–∏–∑–∞—Ü–∏–∏ –≤—Å—Ç—Ä–µ—á –∏ –∫–∞–Ω—Ü–µ–ª—è—Ä–∏–∏ : Receptions_Group@croc.ru",,,,
–ë–µ—Ç–∞,9,–ü–µ—Ä–µ–≥–æ–≤–æ—Ä–Ω—ã–µ ,915,–ü–µ—Ä–µ–≥–æ–≤–æ—Ä–Ω–∞—è ,–î–∞,"–ë—Ä–æ–Ω–∏—Ä—É–π —á–µ—Ä–µ–∑ –∫–∞–ª–µ–Ω–¥–∞—Ä—å –≤ Outlook
–∏–ª–∏ –≤ @CrocLiveBot.","
–í–º–µ—Å—Ç–∏–º–æ—Å—Ç—å 4 —á–µ–ª","–í–æ –≤–æ–ø—Ä–æ—Å–∞–º –æ–±–æ—Ä—É–¥–æ–≤–∞–Ω–∏—è: HelpDesk@croc.ru

–ü–æ –≤–æ–ø—Ä–æ—Å–∞–º –æ—Ä–≥–∞–Ω–∏–∑–∞—Ü–∏–∏ –≤—Å—Ç—Ä–µ—á –∏ –∫–∞–Ω—Ü–µ–ª—è—Ä–∏–∏ : Receptions_Group@croc.ru",,,,
–ë–µ—Ç–∞,9,–ü–µ—Ä–µ–≥–æ–≤–æ—Ä–Ω—ã–µ ,917,–ü–µ—Ä–µ–≥–æ–≤–æ—Ä–Ω–∞—è ,–î–∞,"–ë—Ä–æ–Ω–∏—Ä—É–π —á–µ—Ä–µ–∑ –∫–∞–ª–µ–Ω–¥–∞—Ä—å –≤ Outlook
–∏–ª–∏ –≤ @CrocLiveBot.","–ñ–ö-–ø–∞–Ω–µ–ª—å, —Ñ–ª–∏–ø—á–∞—Ä—Ç 
–í–º–µ—Å—Ç–∏–º–æ—Å—Ç—å 7 —á–µ–ª","–í–æ –≤–æ–ø—Ä–æ—Å–∞–º –æ–±–æ—Ä—É–¥–æ–≤–∞–Ω–∏—è: HelpDesk@croc.ru

–ü–æ –≤–æ–ø—Ä–æ—Å–∞–º –æ—Ä–≥–∞–Ω–∏–∑–∞—Ü–∏–∏ –≤—Å—Ç—Ä–µ—á –∏ –∫–∞–Ω—Ü–µ–ª—è—Ä–∏–∏ : Receptions_Group@croc.ru",,,,
–ë–µ—Ç–∞,9,–ü–µ—Ä–µ–≥–æ–≤–æ—Ä–Ω—ã–µ ,925,–ü–µ—Ä–µ–≥–æ–≤–æ—Ä–Ω–∞—è ,–î–∞,"–ë—Ä–æ–Ω–∏—Ä—É–π —á–µ—Ä–µ–∑ –∫–∞–ª–µ–Ω–¥–∞—Ä—å –≤ Outlook
–∏–ª–∏ –≤ @CrocLiveBot.","
–í–º–µ—Å—Ç–∏–º–æ—Å—Ç—å 3 —á–µ–ª","–í–æ –≤–æ–ø—Ä–æ—Å–∞–º –æ–±–æ—Ä—É–¥–æ–≤–∞–Ω–∏—è: HelpDesk@croc.ru

–ü–æ –≤–æ–ø—Ä–æ—Å–∞–º –æ—Ä–≥–∞–Ω–∏–∑–∞—Ü–∏–∏ –≤—Å—Ç—Ä–µ—á –∏ –∫–∞–Ω—Ü–µ–ª—è—Ä–∏–∏ : Receptions_Group@croc.ru",,,,
–ë–µ—Ç–∞,10,–ü–µ—Ä–µ–≥–æ–≤–æ—Ä–Ω—ã–µ ,1007,–ö–æ–≤–æ—Ä–∫–∏–Ω–≥ –º–∞—Ä–∫–µ—Ç–∏–Ω–≥–∞,??,"–ë—Ä–æ–Ω–∏—Ä—É–π —á–µ—Ä–µ–∑ –∫–∞–ª–µ–Ω–¥–∞—Ä—å –≤ Outlook
–∏–ª–∏ –≤ @CrocLiveBot.","–í–ö–°, —Ñ–ª–∏–ø—á–∞—Ä—Ç, –∑–æ–Ω—ã –æ—Ç–¥—ã—Ö–∞ –∏ —Ä–∞–±–æ—Ç—ã ","–í–æ –≤–æ–ø—Ä–æ—Å–∞–º –æ–±–æ—Ä—É–¥–æ–≤–∞–Ω–∏—è: HelpDesk@croc.ru

–ü–æ –≤–æ–ø—Ä–æ—Å–∞–º –æ—Ä–≥–∞–Ω–∏–∑–∞—Ü–∏–∏ –≤—Å—Ç—Ä–µ—á –∏ –∫–∞–Ω—Ü–µ–ª—è—Ä–∏–∏ : Receptions_Group@croc.ru",,,"https://andreymashkin.ru/disk/share/AXnVWvs5BWW2G
https://andreymashkin.ru/disk/share/rg9eJlCk1ddvE
https://andreymashkin.ru/disk/share/Mnl0eZsX8eeWP
https://andreymashkin.ru/disk/share/KzBrRvuP9RR09
https://andreymashkin.ru/disk/share/D4WEXGSnYXXrW",
–ë–µ—Ç–∞,10,–ü–µ—Ä–µ–≥–æ–≤–æ—Ä–Ω—ã–µ ,1013,–ü–µ—Ä–µ–≥–æ–≤–æ—Ä–Ω–∞—è ,–î–∞,"–ë—Ä–æ–Ω–∏—Ä—É–π —á–µ—Ä–µ–∑ –∫–∞–ª–µ–Ω–¥–∞—Ä—å –≤ Outlook
–∏–ª–∏ –≤ @CrocLiveBot.","
–í–º–µ—Å—Ç–∏–º–æ—Å—Ç—å 4 —á–µ–ª","–í–æ –≤–æ–ø—Ä–æ—Å–∞–º –æ–±–æ—Ä—É–¥–æ–≤–∞–Ω–∏—è: HelpDesk@croc.ru

–ü–æ –≤–æ–ø—Ä–æ—Å–∞–º –æ—Ä–≥–∞–Ω–∏–∑–∞—Ü–∏–∏ –≤—Å—Ç—Ä–µ—á –∏ –∫–∞–Ω—Ü–µ–ª—è—Ä–∏–∏ : Receptions_Group@croc.ru",,,,
–ë–µ—Ç–∞,10,–ü–µ—Ä–µ–≥–æ–≤–æ—Ä–Ω—ã–µ ,1015,–ü–µ—Ä–µ–≥–æ–≤–æ—Ä–Ω–∞—è ,–î–∞,"–ë—Ä–æ–Ω–∏—Ä—É–π —á–µ—Ä–µ–∑ –∫–∞–ª–µ–Ω–¥–∞—Ä—å –≤ Outlook
–∏–ª–∏ –≤ @CrocLiveBot.","
–í–º–µ—Å—Ç–∏–º–æ—Å—Ç—å 6 —á–µ–ª","–í–æ –≤–æ–ø—Ä–æ—Å–∞–º –æ–±–æ—Ä—É–¥–æ–≤–∞–Ω–∏—è: HelpDesk@croc.ru

–ü–æ –≤–æ–ø—Ä–æ—Å–∞–º –æ—Ä–≥–∞–Ω–∏–∑–∞—Ü–∏–∏ –≤—Å—Ç—Ä–µ—á –∏ –∫–∞–Ω—Ü–µ–ª—è—Ä–∏–∏ : Receptions_Group@croc.ru",,,,
–ë–µ—Ç–∞,10,–ü–µ—Ä–µ–≥–æ–≤–æ—Ä–Ω—ã–µ ,1022,–ü–µ—Ä–µ–≥–æ–≤–æ—Ä–Ω–∞—è ,–î–∞,"–ë—Ä–æ–Ω–∏—Ä—É–π —á–µ—Ä–µ–∑ –∫–∞–ª–µ–Ω–¥–∞—Ä—å –≤ Outlook
–∏–ª–∏ –≤ @CrocLiveBot.","
–í–º–µ—Å—Ç–∏–º–æ—Å—Ç—å 8 —á–µ–ª","–í–æ –≤–æ–ø—Ä–æ—Å–∞–º –æ–±–æ—Ä—É–¥–æ–≤–∞–Ω–∏—è: HelpDesk@croc.ru

–ü–æ –≤–æ–ø—Ä–æ—Å–∞–º –æ—Ä–≥–∞–Ω–∏–∑–∞—Ü–∏–∏ –≤—Å—Ç—Ä–µ—á –∏ –∫–∞–Ω—Ü–µ–ª—è—Ä–∏–∏ : Receptions_Group@croc.ru",,,,
–ë–µ—Ç–∞,10,–ü–µ—Ä–µ–≥–æ–≤–æ—Ä–Ω—ã–µ ,1024,–ü–µ—Ä–µ–≥–æ–≤–æ—Ä–Ω–∞—è ,–î–∞,"–ë—Ä–æ–Ω–∏—Ä—É–π —á–µ—Ä–µ–∑ –∫–∞–ª–µ–Ω–¥–∞—Ä—å –≤ Outlook
–∏–ª–∏ –≤ @CrocLiveBot.","
–í–º–µ—Å—Ç–∏–º–æ—Å—Ç—å 8 —á–µ–ª","–í–æ –≤–æ–ø—Ä–æ—Å–∞–º –æ–±–æ—Ä—É–¥–æ–≤–∞–Ω–∏—è: HelpDesk@croc.ru

–ü–æ –≤–æ–ø—Ä–æ—Å–∞–º –æ—Ä–≥–∞–Ω–∏–∑–∞—Ü–∏–∏ –≤—Å—Ç—Ä–µ—á –∏ –∫–∞–Ω—Ü–µ–ª—è—Ä–∏–∏ : Receptions_Group@croc.ru",,,,
–ë–µ—Ç–∞,11,–°–µ—Ä–≤–∏—Å ,,–†–µ—Å–µ–ø—à–µ–Ω,–î–∞,–ü–æ–¥—Ä–æ–±–Ω–µ–µ https://jive.croc.ru/community/knowledge/everyday/social/sekretariat/overview,,https://andreymashkin.ru/disk/share/qvzb04hoVQQzD,,,,
–ë–µ—Ç–∞,11,–ü–µ—Ä–µ–≥–æ–≤–æ—Ä–Ω—ã–µ ,1111,–ü–µ—Ä–µ–≥–æ–≤–æ—Ä–Ω–∞—è ,–î–∞,"–ë—Ä–æ–Ω–∏—Ä—É–π —á–µ—Ä–µ–∑ –∫–∞–ª–µ–Ω–¥–∞—Ä—å –≤ Outlook
–∏–ª–∏ –≤ @CrocLiveBot.","–ñ–ö-–ø–∞–Ω–µ–ª—å, –º–∞–≥–Ω–∏—Ç–Ω–∞—è –¥–æ—Å–∫–∞, —Ç–µ–ª–µ—Ñ–æ–Ω 
–í–º–µ—Å—Ç–∏–º–æ—Å—Ç—å 6 —á–µ–ª","–í–æ –≤–æ–ø—Ä–æ—Å–∞–º –æ–±–æ—Ä—É–¥–æ–≤–∞–Ω–∏—è: HelpDesk@croc.ru

–ü–æ –≤–æ–ø—Ä–æ—Å–∞–º –æ—Ä–≥–∞–Ω–∏–∑–∞—Ü–∏–∏ –≤—Å—Ç—Ä–µ—á –∏ –∫–∞–Ω—Ü–µ–ª—è—Ä–∏–∏ : Receptions_Group@croc.ru",,,,
–ë–µ—Ç–∞,11,–ü–µ—Ä–µ–≥–æ–≤–æ—Ä–Ω—ã–µ ,1113,–ü–µ—Ä–µ–≥–æ–≤–æ—Ä–Ω–∞—è ,–î–∞,"–ë—Ä–æ–Ω–∏—Ä—É–π —á–µ—Ä–µ–∑ –∫–∞–ª–µ–Ω–¥–∞—Ä—å –≤ Outlook
–∏–ª–∏ –≤ @CrocLiveBot.","
–í–º–µ—Å—Ç–∏–º–æ—Å—Ç—å 4 —á–µ–ª","–í–æ –≤–æ–ø—Ä–æ—Å–∞–º –æ–±–æ—Ä—É–¥–æ–≤–∞–Ω–∏—è: HelpDesk@croc.ru

–ü–æ –≤–æ–ø—Ä–æ—Å–∞–º –æ—Ä–≥–∞–Ω–∏–∑–∞—Ü–∏–∏ –≤—Å—Ç—Ä–µ—á –∏ –∫–∞–Ω—Ü–µ–ª—è—Ä–∏–∏ : Receptions_Group@croc.ru",,,,
–ë–µ—Ç–∞,11,–ü–µ—Ä–µ–≥–æ–≤–æ—Ä–Ω—ã–µ ,1117,–ü–µ—Ä–µ–≥–æ–≤–æ—Ä–Ω–∞—è ,–î–∞,"–ë—Ä–æ–Ω–∏—Ä—É–π —á–µ—Ä–µ–∑ –∫–∞–ª–µ–Ω–¥–∞—Ä—å –≤ Outlook
–∏–ª–∏ –≤ @CrocLiveBot.","
–í–º–µ—Å—Ç–∏–º–æ—Å—Ç—å 5 —á–µ–ª","–í–æ –≤–æ–ø—Ä–æ—Å–∞–º –æ–±–æ—Ä—É–¥–æ–≤–∞–Ω–∏—è: HelpDesk@croc.ru

–ü–æ –≤–æ–ø—Ä–æ—Å–∞–º –æ—Ä–≥–∞–Ω–∏–∑–∞—Ü–∏–∏ –≤—Å—Ç—Ä–µ—á –∏ –∫–∞–Ω—Ü–µ–ª—è—Ä–∏–∏ : Receptions_Group@croc.ru",,,,